permis,nom,municipalite,latitude,longitude
12387692,CHSLD POLONAIS MARIE-CURIE-SKLODOWSKA,Montréal,45.58100128173828,-73.57430267333984
12475976,HÔPITAL DU SACRÉ-COEUR-DE-MONTRÉAL,Montréal,45.53260040283203,-73.71399688720703
12934659,HÔPITAL MAISONNEUVE-ROSEMONT,Montréal,45.57419967651367,-73.55850219726562
15103666,INSTITUT UNIVERSITAIRE DE GÉRIATRIE DE MONTRÉAL,Montréal,45.49100112915039,-73.6238021850586
51216281,SERVICES PROFESSIONNELS - MRC MITIS,Mont-Joli,48.59120178222656,-68.1969985961914
51216372,ATELIER DE TRAVAIL EN DÉFICIENCE INTELLECTUELLE ET EN TROUBLES DU SPECTRE DE L'AUTISME DE SAINT-FÉLICIEN,Saint-Félicien,48.64030075073242,-72.45089721679688
51216455,CENTRE DE RÉADAPTATION EN DÉFICIENCE INTELLECTUELLE ET EN TROUBLES DU SPECTRE DE L'AUTISME DE TROIS-RIVIÈRES,Trois-Rivières,46.34120178222656,-72.58090209960938
51216463,CENTRE D'ACTIVITÉS DE JOUR EN DÉFICIENCE INTELLECTUELLE ET EN TROUBLES DU SPECTRE DE L'AUTISME BOLAND,Trois-Rivières,46.3401985168457,-72.5802993774414
51216489,CENTRE D'ACTIVITÉS DE JOUR EN DÉFICIENCE INTELLECTUELLE ET EN TROUBLES DU SPECTRE DE L'AUTISME DE LA FONTAINE,Trois-Rivières,46.35760116577149,-72.58460235595703
51216521,CENTRE DE RÉADAPTATION EN DÉFICIENCE INTELLECTUELLE ET EN TROUBLES DU SPECTRE DE L'AUTISME DE BÉCANCOUR,Bécancour,46.29249954223633,-72.54190063476562
51216539,CENTRE DE RÉADAPTATION EN DÉFICIENCE INTELLECTUELLE ET EN TROUBLES DU SPECTRE DE L'AUTISME DE PLESSISVILLE,Plessisville,46.21929931640625,-71.77079772949219
51216547,CENTRE DE RÉADAPTATION EN DÉFICIENCE INTELLECTUELLE ET EN TROUBLES DU SPECTRE DE L'AUTISME DES BOIS-FRANCS-NORD,Victoriaville,46.06700134277344,-71.96810150146484
51216596,CLSC DE BARACHOIS,Percé,48.61800003051758,-64.27960205078125
51216687,CHUS - HÔPITAL FLEURIMONT,Sherbrooke,45.44779968261719,-71.86900329589844
51216695,CHUS - HÔTEL-DIEU DE SHERBROOKE,Sherbrooke,45.398399353027344,-71.87789916992188
51216802,CENTRE LE CARDINAL,Montréal,45.65250015258789,-73.48829650878906
51216950,CENTRE DE RÉADAPTATION EN DÉFICIENCE INTELLECTUELLE ET EN TROUBLES DU SPECTRE DE L'AUTISME DE BOUCHERVILLE,Boucherville,45.5718002319336,-73.4292984008789
51217081,CHSLD RICHARD-BUSQUE,Saint-Georges,46.11579895019531,-70.67449951171875
51217099,CHSLD DU SÉMINAIRE,Saint-Georges,46.12490081787109,-70.67140197753906
51217222,CENTRE D'HÉBERGEMENT JACQUES-CARTIER,Saguenay,48.423301696777344,-71.04090118408203
51217248,CLSC ET CENTRE DE PROTECTION DE L'ENFANCE ET DE LA JEUNESSE DE L'OUTAOUAIS,Gatineau,45.43769836425781,-75.71510314941406
51217370,CENTRE DE RÉADAPTATION POUR LES JEUNES EN DIFFICULTÉ D'ADAPTATION DE RIMOUSKI-NEIGETTE,Rimouski,48.43299865722656,-68.52570343017578
51217453,CENTRE DE RÉADAPTATION POUR LES JEUNES EN DIFFICULTÉ D'ADAPTATION LIMOGES,Longueuil,45.569801330566406,-73.48059844970703
51217461,CENTRE DE RÉADAPTATION POUR LES JEUNES EN DIFFICULTÉ D'ADAPTATION DE CHAMBLY,Chambly,45.44400024414063,-73.310302734375
51217479,CENTRE DE RÉADAPTATION POUR LES JEUNES EN DIFFICULTÉ D'ADAPTATION DE SAINT-HYACINTHE,Saint-Hyacinthe,45.64149856567383,-72.95989990234375
51217529,HÔPITAL DU SAINT-SACREMENT,Québec,46.79940032958984,-71.24639892578125
51217560,CENTRE DE PROTECTION ET DE RÉADAPTATION POUR LES JEUNES EN DIFFICULTÉ D'ADAPTATION DE CHICOUTIMI,Saguenay,48.41080093383789,-71.06770324707031
51217578,CENTRE DE PROTECTION ET DE RÉADAPTATION POUR LES JEUNES EN DIFFICULTÉ D'ADAPTATION DE ROBERVAL,Roberval,48.49879837036133,-72.22740173339844
51217586,L'HÔTEL-DIEU DE QUÉBEC,Québec,46.81539916992188,-71.21099853515625
51217594,CENTRE HOSPITALIER DE L'UNIVERSITÉ LAVAL,Québec,46.76789855957031,-71.28230285644531
51217602,HÔPITAL SAINT-FRANÇOIS D'ASSISE,Québec,46.82780075073242,-71.23660278320312
51217610,HÔPITAL DE MONT-LAURIER,Mont-Laurier,46.549198150634766,-75.5177001953125
51217628,CENTRE MULTISERVICES DE SANTÉ ET DE SERVICES SOCIAUX DE RIVIÈRE-ROUGE,Rivière-Rouge,46.42079925537109,-74.88469696044922
51217644,CENTRE DE RÉADAPTATION POUR LES JEUNES EN DIFFICULTÉ D'ADAPTATION VAL-DU-LAC,Sherbrooke,45.31449890136719,-72.02100372314453
51217669,CENTRE MULTISERVICES DE SANTÉ ET DE SERVICES SOCIAUX DE LAVAL,Laval,45.55410003662109,-73.69950103759766
51217685,CENTRE DE RÉADAPTATION POUR LES JEUNES EN DIFFICULTÉ D'ADAPTATION CARTIER,Laval,45.55590057373047,-73.697998046875
51217693,CENTRE DE RÉADAPTATION POUR LES JEUNES EN DIFFICULTÉ D'ADAPTATION DE LAVAL,Laval,45.55500030517578,-73.69770050048828
51217735,CENTRE D'HÉBERGEMENT JEAN-DE-LA-LANDE,Montréal,45.53129959106445,-73.56990051269531
51217750,CENTRE D'HÉBERGEMENT DE SAINT-PACÔME,Saint-Pacôme,47.40290069580078,-69.95099639892578
51217768,CENTRE D'HÉBERGEMENT VILLA MARIA,Saint-Alexandre-de-Kamouraska,47.68569946289063,-69.62010192871094
51217792,CENTRE D'HÉBERGEMENT SAINTE-MARIE,Saguenay,48.41469955444336,-71.2396011352539
51217800,CENTRE D'HÉBERGEMENT DE RIVIÈRE-BLEUE,Rivière-Bleue,47.43239974975586,-69.03849792480469
51217818,CENTRE D'HÉBERGEMENT DE SAINT-LOUIS-DU-HA! HA!,Saint-Louis-du-Ha! Ha!,47.674598693847656,-68.9791030883789
51217826,CENTRE D'HÉBERGEMENT DE SQUATEC,Saint-Michel-du-Squatec,47.87739944458008,-68.72309875488281
51217834,CENTRE D'HÉBERGEMENT ET CLSC DU CHÊNE,Victoriaville,46.06209945678711,-71.96269989013672
51217842,CENTRE D'HÉBERGEMENT DE WARWICK,Warwick,45.94580078125,-71.98570251464844
51217883,CENTRE DE PROTECTION ET DE RÉADAPTATION POUR LES JEUNES ET LES MÈRES EN DIFFICULTÉ D'ADAPTATION DE TROIS-RIVIÈRES,Trois-Rivières,46.34939956665039,-72.55770111083984
51217909,CENTRE DE PROTECTION ET DE RÉADAPTATION POUR LES JEUNES ET LES MÈRES EN DIFFICULTÉ D'ADAPTATION EDGAR-LAFOREST,Drummondville,45.85380172729492,-72.4822006225586
51217917,CENTRE D'HÉBERGEMENT DE DOLBEAU-MISTASSINI,Dolbeau-Mistassini,48.8911018371582,-72.21240234375
51217933,MAISON DE NAISSANCE DE CÔTE-DES-NEIGES,Montréal,45.50189971923828,-73.6353988647461
51217958,CENTRE MULTISERVICES DE SANTÉ ET DE SERVICES SOCIAUX D'YOUVILLE,Saint-Jérôme,45.78310012817383,-74.0062026977539
51217974,HÔPITAL ET CHSLD D'YOUVILLE,Sherbrooke,45.39070129394531,-71.89510345458984
51218006,CHSLD DE WEEDON,Weedon,45.70090103149414,-71.4636001586914
51218014,CENTRE D'HÉBERGEMENT DE FORTIERVILLE,Fortierville,46.48550033569336,-72.0322036743164
51218022,CENTRE D'HÉBERGEMENT ROMAIN-BECQUET,Saint-Pierre-les-Becquets,46.50659942626953,-72.20429992675781
51218030,CENTRE D'HÉBERGEMENT ET DE SERVICES AMBULATOIRES CHAMPLAIN,Montréal,45.43880081176758,-73.58679962158203
51218048,CLSC ET CENTRE D'HÉBERGEMENT DE MÉTABETCHOUAN-LAC-À-LA-CROIX,Métabetchouan--Lac-à-la-Croix,48.42580032348633,-71.86609649658203
51218055,CENTRE D'HÉBERGEMENT D'ALMA,Alma,48.55210113525391,-71.64630126953125
51218063,CENTRE D'HÉBERGEMENT ISIDORE-GAUTHIER,Alma,48.63240051269531,-71.69779968261719
51218071,CENTRE DE RÉADAPTATION EN DÉFICIENCE INTELLECTUELLE ET EN TROUBLES DU SPECTRE DE L'AUTISME MANSEAU,Joliette,46.01679992675781,-73.45240020751953
51218097,HÔPITAL DE VERDUN,Montréal,45.4640998840332,-73.56400299072266
51218113,CENTRE DE PROTECTION DE L'ENFANCE ET DE LA JEUNESSE DE JOLIETTE,Joliette,46.0181999206543,-73.44110107421875
51218121,CENTRE DE RÉADAPTATION POUR LES JEUNES EN DIFFICULTÉ D'ADAPTATION DE JOLIETTE,Joliette,46.032901763916016,-73.41999816894531
51218162,CHSLD LE ROYER,Montréal,45.61750030517578,-73.54759979248047
51218170,CLSC DE LA VISITATION ET GROUPE DE MÉDECINE DE FAMILLE UNIVERSITAIRE DES FAUBOURGS,Montréal,45.52109909057617,-73.55889892578125
51218212,FOYER UIKUPESHAKAN (ARC-EN-CIEL),Uashat,50.224098205566406,-66.40260314941406
51218238,CLSC DE SAINT-BRUNO-DE-MONTARVILLE,Saint-Bruno-de-Montarville,45.5281982421875,-73.34089660644531
51218311,CENTRE D'HÉBERGEMENT HUBERT-MAISONNEUVE,Rosemère,45.63759994506836,-73.79119873046875
51218352,CENTRE HOSPITALIER RÉGIONAL DU GRAND-PORTAGE,Rivière-du-Loup,47.81869888305664,-69.54029846191406
51218360,ATELIER DE TRAVAIL EN DÉFICIENCE INTELLECTUELLE ET EN TROUBLE DU SPECTRE DE L’AUTISME ET EN DÉFICIENCE PHYSIQUE SAINT-JOSEPH,Rivière-du-Loup,47.83399963378906,-69.54239654541016
51218386,HÔPITAL DE SAINT-ANTONIN,Saint-Antonin,47.76240158081055,-69.47869873046875
51218394,HÔPITAL DE CHICOUTIMI,Saguenay,48.42599868774414,-71.04859924316406
51218436,CENTRE D'HÉBERGEMENT DE LORETTEVILLE,Québec,46.85020065307617,-71.35040283203125
51218444,CENTRE DE RÉADAPTATION EN DÉFICIENCE INTELLECTUELLE ET TROUBLE ENVAHISSANT DU DÉVELOPPEMENT,Les Îles-de-la-Madeleine,47.40439987182617,-61.89770126342773
51218501,CENTRE DE SANTÉ DE CHIBOUGAMAU,Chibougamau,49.91600036621094,-74.34919738769531
51218519,CENTRE DE SANTÉ RENÉ-RICARD,Chapais,49.780799865722656,-74.85440063476562
51218527,CENTRE DE SANTÉ LEBEL,Lebel-sur-Quévillon,49.05609893798828,-76.9832992553711
51218535,CENTRE DE SANTÉ ISLE-DIEU,Matagami,49.75680160522461,-77.62830352783203
51218543,CENTRE DE SANTÉ DE RADISSON,Eeyou Istchee Baie-James,53.79180145263672,-77.61959838867188
51218550,CLSC ET CENTRE DE PROTECTION DE L'ENFANCE ET DE LA JEUNESSE D'AMOS,Amos,48.578399658203125,-78.11730194091797
51218568,CENTRE MULTISERVICES DE SANTÉ ET DE SERVICES SOCIAUX L'ÉTAPE,Val-d'Or,48.09809875488281,-77.78880310058594
51218584,CLSC DE CHICOUTIMI,Saguenay,48.42770004272461,-71.05560302734375
51218592,CLSC DE CHICOUTIMI-NORD,Saguenay,48.43899917602539,-71.0625
51218600,CHSLD DE LA PRAIRIE,La Prairie,45.42110061645508,-73.49130249023438
51218618,CHSLD DE CHÂTEAUGUAY,Châteauguay,45.35350036621094,-73.74189758300781
51218626,CHSLD PIERRE-RÉMI-NARBONNE,Saint-Rémi,45.25859832763672,-73.6167984008789
51218634,CENTRE MULTISERVICES DE SANTÉ ET DE SERVICES SOCIAUX DE LAC-ETCHEMIN,Lac-Etchemin,46.4005012512207,-70.49810028076172
51218683,CLSC ET CHSLD DE SAINT-PROSPER,Saint-Prosper,46.21099853515625,-70.48390197753906
51218691,CLSC ET CHSLD DE SAINT-JEAN-PORT-JOLI,Saint-Jean-Port-Joli,47.20840072631836,-70.25779724121094
51218709,CLSC ET CENTRE DE SERVICES EXTERNES POUR LES AÎNÉS DE SAINT-PAMPHILE,Saint-Pamphile,46.96070098876953,-69.783203125
51218733,CENTRE MULTISERVICES DE SANTÉ ET DE SERVICES SOCIAUX DES ESCOUMINS,Les Escoumins,48.35210037231445,-69.40709686279297
51218741,CENTRE MULTISERVICES DE SANTÉ ET DE SERVICES SOCIAUX DE FORESTVILLE,Forestville,48.73720169067383,-69.07420349121094
51218758,CHSLD DES BERGERONNES,Les Bergeronnes,48.238800048828125,-69.54460144042969
51218790,CLSC ET CENTRE DE SERVICES EXTERNES POUR LES AÎNÉS DE LAURIER-STATION,Laurier-Station,46.53990173339844,-71.62969970703125
51218808,CHSLD ET CENTRE DE RÉADAPTATION EN DÉFICIENCE INTELLECTUELLE ET EN TROUBLES DU SPECTRE DE L'AUTISME DE SAINT-APOLLINAIRE,Saint-Apollinaire,46.61640167236328,-71.50990295410156
51218816,CHSLD DE SAINT-SYLVESTRE,Saint-Sylvestre,46.36309814453125,-71.22940063476562
51218824,CLSC DES PATRIOTES,Beloeil,45.59099960327149,-73.19989776611328
51218832,CENTRE D'HÉBERGEMENT ANDRÉE-PERRAULT,Saint-Hyacinthe,45.63290023803711,-72.94519805908203
51218857,CHSLD DE VILLE-MARIE,Ville-Marie,47.32699966430664,-79.43789672851562
51218865,CLSC DE SAINT-LAZARE-DE-BELLECHASSE,Saint-Lazare-de-Bellechasse,46.65769958496094,-70.81120300292969
51218873,CHSLD ET CLSC DE SAINT-GERVAIS,Saint-Gervais,46.712398529052734,-70.8947982788086
51218881,CHSLD DE SAINT-RAPHAËL,Saint-Raphaël,46.792701721191406,-70.75170135498047
51218907,CHSLD ET CLSC DE SAINT-ANSELME,Saint-Anselme,46.62969970703125,-70.9717025756836
51218915,CHSLD DE SAINTE-CLAIRE,Sainte-Claire,46.59989929199219,-70.87129974365234
51218923,FOYER DE GROUPE POUR LES JEUNES EN DIFFICULTÉ D'ADAPTATION LENNOX,Laval,45.54690170288086,-73.75800323486328
51218931,FOYER DE GROUPE POUR LES JEUNES EN DIFFICULTÉ D'ADAPTATION DE HONFLEUR,Laval,45.5890007019043,-73.67669677734375
51218956,CENTRE D'HÉBERGEMENT DE SAINT-EUSÈBE,Princeville,46.17779922485352,-71.86930084228516
51218964,CENTRE D'HÉBERGEMENT DE LYSTER,Lyster,46.37070083618164,-71.62049865722656
51218972,CENTRE DE PROTECTION DE L'ENFANCE ET DE LA JEUNESSE DE BAIE-COMEAU,Baie-Comeau,49.19039916992188,-68.25700378417969
51218980,HÔPITAL DE MATANE,Matane,48.84360122680664,-67.52439880371094
51218998,CENTRE D'HÉBERGEMENT DE MATANE,Matane,48.84090042114258,-67.53199768066406
51219012,CHSLD DE HAVRE-SAINT-PIERRE,Havre-Saint-Pierre,50.23799896240234,-63.60770034790039
51219038,CENTRE D'HÉBERGEMENT DE CHANDLER,Chandler,48.3494987487793,-64.67400360107422
51219046,CENTRE MULTISERVICES DE SANTÉ ET DE SERVICES SOCIAUX DE MEMPHRÉMAGOG,Magog,45.265098571777344,-72.14510345458984
51219103,CENTRE DE PROTECTION DE L'ENFANCE ET DE LA JEUNESSE MONT-D'YOUVILLE,Québec,46.85660171508789,-71.21980285644531
51219152,CENTRE D'HÉBERGEMENT ET DE RÉADAPTATION EN DÉFICIENCE INTELLECTUELLE ET EN TROUBLES DU SPECTRE DE L'AUTISME LAFLÈCHE,Shawinigan,46.60639953613281,-72.7073974609375
51219160,CENTRE MULTISERVICES DE SANTÉ ET DE SERVICES SOCIAUX DE FORTIERVILLE,Fortierville,46.48640060424805,-72.03040313720703
51219186,INSTITUT DE RÉADAPTATION EN DÉFICIENCE PHYSIQUE DE QUÉBEC,Québec,46.819801330566406,-71.24600219726562
51219202,INSTITUT DE RÉADAPTATION EN DÉFICIENCE PHYSIQUE SAINT-LOUIS,Québec,46.759498596191406,-71.28569793701172
51219228,HÔTEL-DIEU DE MONTRÉAL,Montréal,45.51390075683594,-73.5781021118164
51219251,CLSC DE WEEDON,Weedon,45.70550155639648,-71.46199798583984
51219269,CENTRE DE SERVICES POUR LES AÎNÉS DE SAINT-LAMBERT,Saint-Lambert,45.49829864501953,-73.50360107421875
51219277,CHSLD CHAMPLAIN,Brossard,45.44729995727539,-73.45320129394531
51219285,CHSLD HENRIETTE-CÉRÉ,Longueuil,45.49660110473633,-73.40399932861328
51219319,CLSC DE RICHMOND,Richmond,45.66019821166992,-72.14009857177734
51219327,CHSLD SAINT-JOSEPH,Sherbrooke,45.40810012817383,-71.90280151367188
51219384,HÔPITAL DE DOLBEAU-MISTASSINI,Dolbeau-Mistassini,48.88579940795898,-72.2394027709961
51219392,CLSC LES JARDINS DU MONASTÈRE,Dolbeau-Mistassini,48.89049911499024,-72.2261962890625
51219400,HÔPITAL D'ALMA,Alma,48.55059814453125,-71.66510009765625
51219418,CLSC DE POHÉNÉGAMOOK,Pohénégamook,47.48979949951172,-69.28130340576172
51219459,HÔPITAL ET CHSLD DU PONTIAC,Shawville,45.60599899291992,-76.48400115966797
51219467,CLSC DE SHAWVILLE,Shawville,45.60580062866211,-76.48650360107422
51219483,CENTRE D'HÉBERGEMENT DE MANSFIELD-ET-PONTEFRACT,Mansfield-et-Pontefract,45.85390090942383,-76.7219009399414
51219491,CLSC ET CENTRE D'HÉBERGEMENT DE LA PETITE-NATION,Saint-André-Avellin,45.72249984741211,-75.05850219726562
51219517,CLSC LEGUERRIER,Gatineau,45.399600982666016,-75.83599853515625
51219525,CENTRE D'HÉBERGEMENT D'AYLMER,Gatineau,45.39910125732422,-75.83830261230469
51219541,CENTRE MULTISERVICES DE SANTÉ ET DE SERVICES SOCIAUX CLOUTIER,Trois-Rivières,46.36529922485352,-72.50499725341797
51219608,CENTRE DE RÉADAPTATION EN DÉFICIENCE PHYSIQUE DE GRANBY,Granby,45.4031982421875,-72.73320007324219
51219616,"CENTRE DE RÉADAPTATION EN DÉFICIENCE PHYSIQUE, EN DÉFICIENCE INTELLECTUELLE ET EN TROUBLES DU SPECTRE DE L’AUTISME DE L’AVENUE DU CENTENAIRE",Salaberry-de-Valleyfield,45.25960159301758,-74.12770080566406
51219632,CHSLD DE VAL-D'OR,Val-d'Or,48.10179901123047,-77.79879760742188
51219699,CHSLD D'AMOS,Amos,48.57590103149414,-78.1250991821289
51219723,CHSLD CHAMPAGNAT,Saint-Jean-sur-Richelieu,45.307899475097656,-73.23310089111328
51219731,CENTRE MULTISERVICES DE SANTÉ ET DE SERVICES SOCIAUX DU HAUT-SAINT-MAURICE,La Tuque,47.42850112915039,-72.78569793701172
51219764,FOYER DE GROUPE POUR LES JEUNES EN DIFFICULTÉ D'ADAPTATION DE CHARLESBOURG,Québec,46.86389923095703,-71.2499008178711
51219848,CENTRE MULTISERVICES DE SANTÉ ET DE SERVICES SOCIAUX CHRIST-ROI,Québec,46.81079864501953,-71.2582015991211
51219855,CHSLD ET HÔPITAL DE CHARLESBOURG,Québec,46.85139846801758,-71.27429962158203
51219871,CLSC D'OTTER LAKE,Otter Lake,45.84469985961914,-76.43340301513672
51219889,CHSLD DENIS-MARCOTTE,Thetford Mines,46.10369873046875,-71.28160095214844
51219897,CHSLD MARC-ANDRÉ-JACQUES,East Broughton,46.21590042114258,-71.07420349121094
51219913,CHSLD RENÉ-LAVOIE,Disraeli,45.89899826049805,-71.35540008544922
51219962,CENTRE D'HÉBERGEMENT DE SAINT-FÉLICIEN,Saint-Félicien,48.6525993347168,-72.4480972290039
51219970,CHSLD ET CENTRE DE SERVICES AMBULATOIRES LUCIEN-G. ROLLAND,Saint-Jérôme,45.764198303222656,-74.002197265625
51219988,RÉSIDENCE BOURG-JOLI,Saint-Hyacinthe,45.63349914550781,-72.96420288085938
51220002,CLSC DE SAINT-PAULIN,Saint-Paulin,46.418399810791016,-73.01349639892578
51220028,CLSC DE SAINT-FABIEN-DE-PANET,Saint-Fabien-de-Panet,46.65760040283203,-70.15239715576172
51220036,CHSLD DE SAINT-FABIEN-DE-PANET,Saint-Fabien-de-Panet,46.655799865722656,-70.14600372314453
51220044,CLSC ET CHSLD DE MONTMAGNY,Montmagny,46.982200622558594,-70.55400085449219
51220051,HÔPITAL DU CENTRE-DE-LA-MAURICIE,Shawinigan,46.52560043334961,-72.74340057373047
51220069,HÔPITAL ET CENTRE D'HÉBERGEMENT EN SANTÉ MENTALE DE LA MAURICIE-ET-DU-CENTRE-DU-QUÉBEC,Shawinigan,46.553001403808594,-72.74710083007812
51220077,CENTRE DE RÉADAPTATION EN DÉFICIENCE INTELLECTUELLE ET EN TROUBLES DU SPECTRE DE L’AUTISME DE LA RUE MACDONALD,Saint-Jean-sur-Richelieu,45.32600021362305,-73.26570129394531
51220085,CLSC ET CHSLD DE BEDFORD,Bedford,45.1254997253418,-72.9834976196289
51220093,CHSLD DE COWANSVILLE,Cowansville,45.207801818847656,-72.74299621582031
51220101,CHSLD DE FARNHAM,Farnham,45.28770065307617,-72.97200012207031
51220127,CHSLD DE SUTTON,Sutton,45.109901428222656,-72.618896484375
51220135,CLSC DE FARNHAM,Farnham,45.28580093383789,-72.97329711914062
51220143,MISHTA-AN-AUASS,Uashat,50.2234992980957,-66.40630340576172
51220168,PAVILLON SAINTE-MARIE,Trois-Rivières,46.354400634765625,-72.56320190429688
51220176,CENTRE D'HÉBERGEMENT DE VALLÉE-DE-LA-LIÈVRE,Gatineau,45.58039855957031,-75.42279815673828
51220200,CENTRE D'HÉBERGEMENT ERNEST-BRISSON,Gatineau,45.48160171508789,-75.64739990234375
51220218,CLSC ET CENTRE DE RÉADAPTATION EN DÉPENDANCE DE SAINT-TITE,Saint-Tite,46.72869873046875,-72.55819702148438
51220234,CENTRE D'HÉBERGEMENT FREDERICK-GEORGE-HERIOT,Drummondville,45.88809967041016,-72.49259948730469
51220242,CENTRE D'HÉBERGEMENT DE NOTRE-DAME-DU-BON-CONSEIL,Notre-Dame-du-Bon-Conseil,45.99909973144531,-72.34010314941406
51220259,CLSC DE SEPT-ÎLES,Sept-Îles,50.20539855957031,-66.3844985961914
51220275,CENTRE DE RÉADAPTATION POUR LES JEUNES EN DIFFICULTÉ D'ADAPTATION DU MONT SAINT-ANTOINE,Montréal,45.5989990234375,-73.53569793701172
51220283,CENTRE D'HÉBERGEMENT JEANNE-MANCE,Montréal,45.509498596191406,-73.5718994140625
51220291,CLSC MEILLEUR DE REPENTIGNY,Repentigny,45.74489974975586,-73.47989654541016
51220309,CENTRE D'HÉBERGEMENT DE SAINT-GABRIEL-DE-BRANDON,Saint-Gabriel-de-Brandon,46.295501708984375,-73.38700103759766
51220317,CLSC DE LOW,Low,45.809200286865234,-75.94969940185547
51220457,CENTRE DE SERVICES AMBULATOIRES DE LÉVIS,Lévis,46.81570053100586,-71.17489624023438
51220515,CLSC DE SAINT-JEAN-DE-DIEU,Saint-Jean-de-Dieu,48.00640106201172,-69.04119873046875
51220531,CENTRE D'HÉBERGEMENT ET CLSC LUCIEN-SHOONER,Pierreville,46.06819915771485,-72.8113021850586
51220556,CENTRE D'HÉBERGEMENT ET CLSC DE SAINT-CÉLESTIN,Saint-Célestin,46.21369934082031,-72.43160247802734
51220572,CLSC ET CENTRE DE SERVICES EXTERNES POUR LES AÎNÉS DE SAINT-ALEXIS-DES-MONTS,Saint-Alexis-des-Monts,46.461700439453125,-73.1364974975586
51220713,FOYER DE GROUPE POUR LES JEUNES EN DIFFICULTÉ D'ADAPTATION DE LACHINE,Montréal,45.44340133666992,-73.68679809570312
51220762,FOYER DE GROUPE POUR LES JEUNES EN DIFFICULTÉ D'ADAPTATION GOUIN,Montréal,45.537899017333984,-73.71070098876953
51220853,FOYER DE GROUPE POUR LES JEUNES EN DIFFICULTÉ D'ADAPTATION GODBOUT,Montréal,45.41999816894531,-73.63310241699219
51220887,CENTRE DE RÉADAPTATION POUR LES JEUNES EN DIFFICULTÉ D'ADAPTATION DOMINIQUE-SAVIO,Montréal,45.553199768066406,-73.64630126953125
51220903,HÔPITAL DE GASPÉ,Gaspé,48.81290054321289,-64.49659729003906
51220911,ATELIER DE TRAVAIL LABROSSE,Pointe-Claire,45.47380065917969,-73.8240966796875
51220952,CENTRE DE RÉADAPTATION EN DÉFICIENCE INTELLECTUELLE ET EN TROUBLES DU SPECTRE DE L'AUTISME MARIE-BOURASSA,Montréal,45.570098876953125,-73.5625991821289
51220960,CENTRE DE RÉADAPTATION EN DÉFICIENCE INTELLECTUELLE ET EN TROUBLES DU SPECTRE DE L'AUTISME DANDURAND,Montréal,45.54410171508789,-73.5813980102539
51220978,CLSC ET CENTRE DE SERVICES AMBULATOIRES DE PASPÉBIAC,Paspébiac,48.02199935913086,-65.28679656982422
51220986,CENTRE D'HÉBERGEMENT DE NEW CARLISLE,New Carlisle,48.010398864746094,-65.32119750976562
51221026,CENTRE D'HÉBERGEMENT SAINT-MAURICE,Shawinigan,46.54059982299805,-72.75260162353516
51221042,CENTRE D'ACTIVITÉS DE JOUR EN DÉFICIENCE INTELLECTUELLE ET EN TROUBLES DU SPECTRE DE L'AUTISME DESJARDINS-EST,Lévis,46.81399917602539,-71.15409851074219
51221075,CENTRE D'ACTIVITÉS DE JOUR EN DÉFICIENCE INTELLECTUELLE ET EN TROUBLES DU SPECTRE DE L'AUTISME DE SAINT-ROMUALD,Lévis,46.75510025024414,-71.23570251464844
51221091,CENTRE MULTISERVICES DE SANTÉ ET DE SERVICES SOCIAUX DE MACAMIC,Macamic,48.75699996948242,-78.98539733886719
51221133,CLSC DE SAINT-PASCAL,Saint-Pascal,47.52939987182617,-69.80339813232422
51221141,HÔPITAL NOTRE-DAME-DE-FATIMA,La Pocatière,47.37179946899414,-70.02619934082031
51221166,CENTRE MULTISERVICES DE SANTÉ ET DE SERVICES SOCIAUX TOUR-DU-LAC,Sainte-Agathe-des-Monts,46.05099868774414,-74.29740142822266
51221240,CLSC DE BERTHIERVILLE,Berthierville,46.08449935913086,-73.18360137939453
51221257,CLSC DE CHERTSEY,Chertsey,46.07320022583008,-73.88880157470703
51221265,CENTRE D'HÉBERGEMENT BRASSARD,Saint-Michel-des-Saints,46.67570114135742,-73.91609954833984
51221273,CENTRE D'HÉBERGEMENT DE SAINT-DONAT,Saint-Donat,46.321998596191406,-74.22200012207031
51221307,CLSC ET CENTRE DE SERVICES AMBULATOIRES DE MURDOCHVILLE,Murdochville,48.96129989624024,-65.49349975585938
51221364,HÔPITAL DE LA BAIE,Saguenay,48.34389877319336,-70.8832015991211
51221372,CLSC DU FJORD-À-LA BAIE,Saguenay,48.337799072265625,-70.87950134277344
51221380,CENTRE D'HÉBERGEMENT SAINT-JOSEPH,Saguenay,48.30989837646485,-70.85089874267578
51221398,CENTRE D'HÉBERGEMENT DE BAGOTVILLE,Saguenay,48.34080123901367,-70.87920379638672
51221414,CENTRE D'HÉBERGEMENT DE GRACEFIELD,Gracefield,46.09220123291016,-76.05030059814453
51221422,CENTRE DE SERVICES AMBULATOIRES EN SANTÉ MENTALE MOUSSETTE,Gatineau,45.43960189819336,-75.7437973022461
51221455,FOYER DE GROUPE DORNAL,Montréal,45.487098693847656,-73.627197265625
51221463,GROUPE DE MÉDECINE DE FAMILLE UNIVERSITAIRE DE MANICOUAGAN ET CLSC LIONEL-CHAREST,Baie-Comeau,49.20890045166016,-68.23789978027344
51221505,FOYER MAMO,La Tuque,47.440799713134766,-72.77629852294922
51221521,ATELIER ET CENTRE D'ACTIVITÉS DE JOUR SHERBROOKE - PROSPECT,Sherbrooke,45.410099029541016,-71.91519927978516
51221547,CENTRE D'HÉBERGEMENT DE CAP-CHAT,Cap-Chat,49.09310150146485,-66.68219757080078
51221554,CLSC DU MONT-LOUIS,Saint-Maxime-du-Mont-Louis,49.22869873046875,-65.73500061035156
51221562,CENTRE DE SERVICES AMBULATOIRES EN SANTÉ MENTALE DE RAWDON,Rawdon,46.04169845581055,-73.70269775390625
51221703,HÔPITAL DE GATINEAU,Gatineau,45.49330139160156,-75.69110107421875
51221711,HÔPITAL DE HULL,Gatineau,45.44490051269531,-75.74600219726562
51221729,CENTRE DE SANTÉ ET DE SERVICES SOCIAUX DE LA MITIS,Mont-Joli,48.5723991394043,-68.21620178222656
51221745,CLSC DE SAINT-ESPRIT,Saint-Esprit,45.904598236083984,-73.66470336914062
51221752,CENTRE DE RÉADAPTATION EN DÉPENDANCE DE JOLIETTE,Joliette,46.01839828491211,-73.44129943847656
51221794,CENTRE D'ACTIVITÉS DE JOUR OPTION,Pointe-Claire,45.46989822387695,-73.8041000366211
51221802,ATELIER DE TRAVAIL ET CENTRE D'ACTIVITÉS DE JOUR BENNY,Montréal,45.46369934082031,-73.62349700927734
51221828,CENTRE D'HÉBERGEMENT J.-HENRI-CHARBONNEAU,Montréal,45.542701721191406,-73.55879974365234
51221836,CHSLD ÉLORIA-LEPAGE,Montréal,45.57690048217773,-73.54199981689453
51221851,CENTRE D'ACTIVITÉS DE JOUR EN DÉFICIENCE INTELLECTUELLE ET EN TROUBLES DU SPECTRE DE L'AUTISME DE SAINT-SIMÉON,Saint-Siméon,47.84149932861328,-69.88359832763672
51221877,HÔPITAL DE NOTRE-DAME-DU-LAC,Témiscouata-sur-le-Lac,47.61240005493164,-68.79930114746094
51221885,CLSC DE CABANO,Témiscouata-sur-le-Lac,47.67959976196289,-68.88700103759766
51221893,HÔPITAL DE MANIWAKI,Maniwaki,46.390899658203125,-75.97940063476562
51221919,CENTRE DE RÉADAPTATION EN DÉPENDANCE ET DÉFICIENCE INTELLECTUELLE ET EN TROUBLES DU SPECTRE DE L'AUTISME LOUVAIN,Montréal,45.55390167236328,-73.64839935302734
51221927,CENTRE DE RÉADAPTATION EN DÉPENDANCE SAINT-URBAIN,Montréal,45.51190185546875,-73.5728988647461
51221935,CENTRE DE RÉADAPTATION EN DÉPENDANCE PRINCE-ARTHUR,Montréal,45.51240158081055,-73.57369995117188
51221976,CENTRE DE RÉADAPTATION EN DÉFICIENCE PHYSIQUE BELVÉDÈRE,Sherbrooke,45.39070129394531,-71.89510345458984
51222115,CLSC DE MONT-TREMBLANT,Mont-Tremblant,46.11539840698242,-74.59539794921875
51222123,CENTRE D'HÉBERGEMENT DE MONT-TREMBLANT,Mont-Tremblant,46.11790084838867,-74.59380340576172
51222164,LE CHSLD DES PREMIÈRES NATIONS DU TIMISKAMING,Notre-Dame-du-Nord,47.60699844360352,-79.47039794921875
51222172,FOYER DE GROUPE POUR LES JEUNES EN DIFFICULTÉ D'ADAPTATION DES PATRIOTES,Laval,45.60419845581055,-73.77860260009766
51222180,FOYER DE GROUPE POUR LES JEUNES EN DIFFICULTÉ D'ADAPTATION CHARTRAND,Laval,45.666900634765625,-73.57679748535156
51222214,INSTITUT NAZARETH ET LOUIS-BRAILLE JEAN-BRILLANT,Montréal,45.49509811401367,-73.6218032836914
51222289,FOYER DE GROUPE POUR LES JEUNES EN DIFFICULTÉ D'ADAPTATION ESPLANADE,Montréal,45.47790145874024,-73.8678970336914
51222362,CENTRE DE PROTECTION ET DE RÉADAPTATION POUR LES JEUNES EN DIFFICULTÉ D'ADAPTATION DE BEAUPORT,Québec,46.86119842529297,-71.20670318603516
51222412,FOYER DE GROUPE PUVIRNITUQ,Puvirnituq,60.03770065307617,-77.27580261230469
51222420,CENTRE DE RÉADAPTATION EN DÉFICIENCE INTELLECTUELLE ET EN TROUBLES DU SPECTRE DE L'AUTISME DE SHAWINIGAN,Shawinigan,46.54069900512695,-72.74330139160156
51222560,ATELIER DE TRAVAIL EN DÉFICIENCE INTELLECTUELLE ET EN TROUBLES DU SPECTRE DE L'AUTISME BRASSARD,Roberval,48.50740051269531,-72.22029876708984
51222578,CENTRE DE RÉADAPTATION EN DÉFICIENCE INTELLECTUELLE ET EN TROUBLES DU SPECTRE DE L'AUTISME CHAMPLAIN,Alma,48.54790115356445,-71.66600036621094
51222586,CENTRE DE RÉADAPTATION EN DÉFICIENCE INTELLECTUELLE ET EN TROUBLES DU SPECTRE DE L'AUTISME TANGUAY,Alma,48.56719970703125,-71.6417007446289
51222594,CENTRE DE RÉADAPTATION EN DÉFICIENCE INTELLECTUELLE ET EN TROUBLES DU SPECTRE DE L'AUTISME DU CÉNACLE,Saguenay,48.42210006713867,-71.04519653320312
51222602,PAVILLON RACHEL-TOURIGNY,Montréal,45.57400131225586,-73.55680084228516
51222800,CHU SAINTE-JUSTINE,Montréal,45.50320053100586,-73.6249008178711
51222917,CENTRE DE SERVICES AMBULATOIRES PROVIDENCE,Granby,45.410400390625,-72.71659851074219
51222925,CENTRE DE SERVICES AMBULATOIRES DE LAVAL,Laval,45.55229949951172,-73.74620056152344
51222933,CLSC ET GROUPE DE MÉDECINE DE FAMILLE UNIVERSITAIRE DE RIMOUSKI,Rimouski,48.45479965209961,-68.52169799804688
51222941,CENTRE D'HÉBERGEMENT DE RIMOUSKI,Rimouski,48.435001373291016,-68.5718994140625
51222958,CENTRE DE PROTECTION DE L'ENFANCE ET DE LA JEUNESSE DE BUCKINGHAM,Gatineau,45.58409881591797,-75.41339874267578
51223048,CAMPUS CARTIER,Laval,45.55590057373047,-73.697998046875
51223071,CENTRE D'HÉBERGEMENT DE LAJEMMERAIS,Varennes,45.68389892578125,-73.43930053710938
51223089,CLSC ET CENTRE D'HÉBERGEMENT CONTRECOEUR,Contrecoeur,45.85490036010742,-73.24359893798828
51223097,CENTRE D'HÉBERGEMENT JEANNE-CREVIER,Boucherville,45.61349868774414,-73.45249938964844
51223121,APPARTEMENT SUPERVISÉ POUR LES JEUNES EN DIFFICULTÉ D'ADAPTATION DE CHICOUTIMI,Saguenay,48.42580032348633,-71.0530014038086
51223204,CENTRE D'HÉBERGEMENT ET DE SOINS DE LONGUE DURÉE VIGI L'ORCHIDÉE BLANCHE,Laval,45.61949920654297,-73.72250366210938
51223220,CLSC DE SAINTE-FOY,Québec,46.77519989013672,-71.3124008178711
51223238,CLSC DE L'ANCIENNE-LORETTE,L'Ancienne-Lorette,46.79790115356445,-71.35179901123047
51223246,HÔPITAL GRACE DART,Montréal,45.57849884033203,-73.54660034179688
51223253,CENTRE D'HÉBERGEMENT DE DORVAL,Dorval,45.44179916381836,-73.73560333251953
51223261,CENTRE D'HÉBERGEMENT NAZAIRE-PICHÉ,Montréal,45.43410110473633,-73.6769027709961
51223279,L'HÔPITAL DE MONTRÉAL POUR ENFANTS,Montréal,45.4723014831543,-73.60130310058594
51223287,HÔPITAL NEUROLOGIQUE DE MONTRÉAL,Montréal,45.50899887084961,-73.5813980102539
51223295,HÔPITAL ROYAL VICTORIA,Montréal,45.47269821166992,-73.6010971069336
51223303,CENTRE D'HÉBERGEMENT CHAMPLAIN-DE-LA-VILLA-SOLEIL,Saint-Jérôme,45.79059982299805,-73.993896484375
51223311,CENTRE D'HÉBERGEMENT CHAMPLAIN-DE-GATINEAU,Gatineau,45.5005989074707,-75.63749694824219
51223329,CENTRE D'HÉBERGEMENT ET DE SOINS DE LONGUE DURÉE VIGI DE L'OUTAOUAIS,Gatineau,45.49470138549805,-75.69219970703125
51223337,CENTRE D'HÉBERGEMENT ET DE SOINS DE LONGUE DURÉE VIGI YVES-BLAIS,Mascouche,45.74509811401367,-73.60569763183594
51223345,CENTRE D'HÉBERGEMENT ET DE SOINS DE LONGUE DURÉE VIGI DE BROSSARD,Brossard,45.46889877319336,-73.43599700927734
51223402,CENTRE D'HÉBERGEMENT SAINTE-DOROTHÉE,Laval,45.52379989624024,-73.80470275878906
51223410,CLSC ET CENTRE DE SERVICES AMBULATOIRES RUISSEAU-PAPINEAU,Laval,45.54970169067383,-73.76210021972656
51223436,CLSC ET CENTRE DE SERVICES AMBULATOIRES EN PÉDIATRIE CAMIRAND,Sherbrooke,45.39879989624024,-71.89430236816406
51223444,CLSC ET GROUPE DE MÉDECINE DE FAMILLE UNIVERSITAIRE KING EST,Sherbrooke,45.40810012817383,-71.86209869384766
51223469,CLSC ET CENTRE DE SERVICES AMBULATOIRES DE LA HAUTE-VILLE,Québec,46.805999755859375,-71.22789764404297
51223733,CENTRE DE RÉADAPTATION EN DÉFICIENCE INTELLECTUELLE ET EN TROUBLES DU SPECTRE DE L'AUTISME DE MONT-LAURIER,Mont-Laurier,46.553001403808594,-75.49579620361328
51223782,CENTRE D'ACTIVITÉS DE JOUR DE SHERBROOKE - FAIRMOUNT,Sherbrooke,45.390899658203125,-71.90229797363281
51223816,CENTRE DE RÉADAPTATION EN DÉFICIENCE INTELLECTUELLE ET EN TROUBLES DU SPECTRE DE L'AUTISME DE LÉVIS,Lévis,46.8120002746582,-71.17960357666016
51223832,CENTRE MULTISERVICES DE SANTÉ ET DE SERVICES SOCIAUX DU GRANIT,Lac-Mégantic,45.588600158691406,-70.90579986572266
51223865,CENTRE D'HÉBERGEMENT HÔPITAL GÉNÉRAL DE QUÉBEC,Notre-Dame-des-Anges,46.814701080322266,-71.23280334472656
51223873,CENTRE D'HÉBERGEMENT NOTRE-DAME-DE-LOURDES,Québec,46.80989837646485,-71.2322998046875
51223998,CENTRE DE RÉADAPTATION EN DÉFICIENCE INTELLECTUELLE ET EN TROUBLES DU SPECTRE DE L'AUTISME BOULEVARD SAINTE-ROSE,Laval,45.61240005493164,-73.78970336914062
51224004,CENTRE DE RÉADAPTATION EN DÉFICIENCE INTELLECTUELLE ET EN TROUBLES DU SPECTRE DE L'AUTISME DE SAINTE-JULIENNE,Sainte-Julienne,45.96490097045898,-73.7134017944336
51224020,CLSC DE CHELSEA,Chelsea,45.50590133666992,-75.78260040283203
51224038,CLSC DE CANTLEY,Cantley,45.56809997558594,-75.78160095214844
51224046,CLSC DE VAL-DES-MONTS,Val-des-Monts,45.58509826660156,-75.61920166015625
51224053,CHSLD DE LA CÔTE BOISÉE,Terrebonne,45.712799072265625,-73.6615982055664
51224061,CENTRE DE RÉADAPTATION MARIE ENFANT,Montréal,45.57529830932617,-73.57720184326172
51224079,CLSC DE COWANSVILLE,Cowansville,45.2046012878418,-72.70980072021484
51224103,FOYER DE GROUPE COLTON,Montréal,45.477298736572266,-73.62760162353516
51224111,CLSC DE LAC-BROME,Lac-Brome,45.21799850463867,-72.52970123291016
51224194,CLSC CHAMPLAIN,Alma,48.54790115356445,-71.66600036621094
51224251,CENTRE D'ACTIVITÉS DE JOUR,Rimouski,48.43519973754883,-68.55829620361328
51224285,CENTRE DE RÉADAPTATION EN DÉFICIENCE INTELLECTUELLE ET EN TROUBLES DU SPECTRE DE L'AUTISME DE RIMOUSKI,Rimouski,48.44490051269531,-68.5259017944336
51224301,ATELIER DE COUTURE ET ÉCONO-POSTE,Mont-Joli,48.5890998840332,-68.20890045166016
51224376,CENTRE DE RÉADAPTATION EN DÉFICIENCE PHYSIQUE DE RIVIÈRE-DU-LOUP,Rivière-du-Loup,47.81859970092773,-69.5386962890625
51224392,HÔPITAL DE LASALLE,Montréal,45.42079925537109,-73.62339782714844
51224459,CLSC J-OLIVIER-CAMIRAND,Sherbrooke,45.39820098876953,-71.89469909667969
51224467,CLSC KING OUEST,Sherbrooke,45.39899826049805,-71.8949966430664
51224509,CLSC ET AIRE OUVERTE DE LA RUE CHAMPLAIN,Saint-Jean-sur-Richelieu,45.30569839477539,-73.25189971923828
51224525,CENTRE DE RÉADAPTATION SAPUMMIVIK,Salluit,62.20009994506836,-75.6404037475586
51224541,HÔPITAL ET CENTRE DE RÉADAPTATION DE JONQUIÈRE,Saguenay,48.41360092163086,-71.23509979248047
51224558,CLSC DE JONQUIÈRE,Saguenay,48.41170120239258,-71.23780059814453
51224566,CLSC DE SAINTE-JULIE,Sainte-Julie,45.59249877929688,-73.3364028930664
51224574,CLSC ET GROUPE DE MÉDECINE DE FAMILLE UNIVERSITAIRE DU MARIGOT,Laval,45.58689880371094,-73.71019744873047
51224657,CENTRE DE RÉADAPTATION POUR LES JEUNES EN DIFFICULTÉ D'ADAPTATION DE SEPT-ÎLES,Sept-Îles,50.22029876708984,-66.3656997680664
51224665,CLSC DE QUYON,Pontiac,45.520301818847656,-76.23059844970703
51224913,CLSC ET GROUPE DE MÉDECINE DE FAMILLE UNIVERSITAIRE LAFONTAINE,Saint-Jérôme,45.792999267578125,-74.0093994140625
51224921,CENTRE D'HÉBERGEMENT CHAMPLAIN - CHANOINE-AUDET,Lévis,46.75529861450195,-71.23770141601562
51225001,CENTRE MULTISERVICES DE SANTÉ ET DE SERVICES SOCIAUX CHAUVEAU,Québec,46.85319900512695,-71.37000274658203
51225027,CENTRE D'HÉBERGEMENT DE LA MARÉE,Montréal,45.63010025024414,-73.61900329589844
51225035,CHSLD JOSEPH-FRANÇOIS-PERREAULT,Montréal,45.55939865112305,-73.60179901123047
51225068,CENTRE DE SERVICES AMBULATOIRES EN SANTÉ MENTALE SAINT-CHARLES,Kirkland,45.4468002319336,-73.85379791259766
51225142,CENTRE DE RÉADAPTATION EN DÉFICIENCE INTELLECTUELLE ET EN TROUBLES DU SPECTRE DE L’AUTISME DE LA RUE BEAUHARNOIS,Longueuil,45.53549957275391,-73.45359802246094
51225225,CENTRE DE RÉADAPTATION EN DÉFICIENCE INTELLECTUELLE ET EN TROUBLES DU SPECTRE DE L'AUTISME DE GRANBY,Granby,45.4114990234375,-72.72979736328125
51225241,CLSC DE MONTCALM,Québec,46.803199768066406,-71.23300170898438
51225258,FOYER DE GROUPE POUR LES JEUNES EN DIFFICULTÉ D'ADAPTATION LE COLIBRI,Salaberry-de-Valleyfield,45.266700744628906,-74.13980102539062
51225308,CENTRE DE RÉADAPTATION EN DÉFICIENCE PHYSIQUE LE TOURET,Sherbrooke,45.362701416015625,-71.96189880371094
51225324,CENTRE DE RÉADAPTATION EN DÉFICIENCE PHYSIQUE DE COATICOOK,Coaticook,45.13529968261719,-71.8113021850586
51225340,CENTRE DE SERVICES EN DÉFICIENCE INTELLECTUELLE ET EN TROUBLES ENVAHISSANTS DU DÉVELOPPEMENT DE L'OUEST-DE-MONTRÉAL,Montréal,45.44889831542969,-73.6323013305664
51225357,CENTRE MULTISERVICES DE SANTÉ ET DE SERVICES SOCIAUX DE SAINTE-ANNE-DE-BEAUPRÉ,Beaupré,47.042701721191406,-70.90019989013672
51225373,CLSC D'ACTON VALE,Acton Vale,45.65010070800781,-72.5707015991211
51225399,ATELIER DE TRAVAIL EN DÉFICIENCE INTELLECTUELLE ET EN TROUBLES DU SPECTRE DE L'AUTISME MANOUANE,Saguenay,48.45000076293945,-71.07620239257812
51225407,CENTRE D'HÉBERGEMENT ET DE SOINS DE LONGUE DURÉE VIGI REINE-ÉLIZABETH,Montréal,45.474098205566406,-73.6061019897461
51225415,CLSC DE SAINT-SAUVEUR,Saint-Sauveur,45.89690017700195,-74.15260314941406
51225431,CENTRE DE RÉADAPTATION EN DÉFICIENCE INTELLECTUELLE ET EN TROUBLES DU SPECTRE DE L'AUTISME PARC-DES-ROSERAIES,Montréal,45.59360122680664,-73.55799865722656
51225522,CHSLD ET CENTRE DE SERVICES AMBULATOIRES DRAPEAU-DESCHAMBAULT,Sainte-Thérèse,45.64030075073242,-73.8406982421875
51225530,CLSC YVAN-DUQUETTE,Granby,45.4109001159668,-72.72709655761719
51225563,CENTRE D'HÉBERGEMENT ET DE SOINS DE LONGUE DURÉE VIGI LES CHUTES,Shawinigan,46.573001861572266,-72.73280334472656
51225589,HÔPITAL DE VAL-D'OR,Val-d'Or,48.096099853515625,-77.79679870605469
51225597,HÔPITAL EN SANTÉ MENTALE ET CLSC DE MALARTIC,Malartic,48.14149856567383,-78.12840270996094
51225613,CHSLD SAINT-JOSEPH-DE-LA-PROVIDENCE,Montréal,45.54100036621094,-73.69029998779297
51225621,MAISON DE NAISSANCE DE L'OUTAOUAIS,Gatineau,45.479000091552734,-75.72250366210938
51225639,CENTRE D'ACTIVITÉS DE JOUR,Saint-Jean-de-Dieu,48.00299835205078,-69.0459976196289
51225704,INSTITUT NAZARETH ET LOUIS-BRAILLE D'ASSIGNY,Longueuil,45.52690124511719,-73.52079772949219
51225712,INSTITUT NAZARETH ET LOUIS-BRAILLE PLACE ALTON-GOLDBLOOM,Laval,45.54869842529297,-73.73760223388672
51225845,CLINIQUE MÉDICALE DE SQUATEC,Saint-Michel-du-Squatec,47.8828010559082,-68.7197036743164
51225878,CHSLD VILLA-BONHEUR,Granby,45.40140151977539,-72.72329711914062
51225894,CENTRE DE RÉADAPTATION EN DÉFICIENCE INTELLECTUELLE ET EN TROUBLES DU SPECTRE DE L'AUTISME DU CHEMIN DE CHAMBLY,Longueuil,45.4989013671875,-73.40709686279297
51225936,CLSC DE L'ASCENSION-DE-NOTRE-SEIGNEUR,L'Ascension-de-Notre-Seigneur,48.69189834594727,-71.67250061035156
51225969,FOYER DE GROUPE POUR LES JEUNES EN DIFFICULTÉ D'ADAPTATION L'ÉQUIPÉE,Longueuil,45.5276985168457,-73.47470092773438
51225977,CENTRE DE PROTECTION ET DE RÉADAPTATION POUR LES JEUNES EN DIFFICULTÉ D'ADAPTATION SAINT-THOMAS,Salaberry-de-Valleyfield,45.25529861450195,-74.13379669189453
51225993,SANTÉ COURVILLE DE WATERLOO,Waterloo,45.34109878540039,-72.5062026977539
51226033,CENTRE DE SERVICES EXTERNES POUR LES AÎNÉS DE SAINT-ROMUALD,Lévis,46.75529861450195,-71.23770141601562
51226066,CLSC DE TERREBONNE,Terrebonne,45.70050048828125,-73.64830017089844
51226074,CLSC LAMATER DES SEIGNEURS,Terrebonne,45.71849822998047,-73.68219757080078
51226082,CENTRE DE RÉADAPTATION EN DÉFICIENCE PHYSIQUE DU CHEMIN DE CHAMBLY,Longueuil,45.50490188598633,-73.4218978881836
51226090,CENTRE DE RÉADAPTATION EN DÉFICIENCE PHYSIQUE DE CHÂTEAUGUAY,Châteauguay,45.38019943237305,-73.74199676513672
51226124,CENTRE DE RÉADAPTATION EN DÉFICIENCE PHYSIQUE DE SOREL-TRACY,Sorel-Tracy,46.0463981628418,-73.11009979248047
51226165,CENTRE DE RÉADAPTATION EN DÉPENDANCE LORANGER,Trois-Rivières,46.28770065307617,-72.6886978149414
51226181,"CENTRE DE RÉADAPTATION EN DÉFICIENCE PHYSIQUE, EN DÉFICIENCE INTELLECTUELLE ET EN TROUBLES DU SPECTRE DE L’AUTISME JACQUES-DE-LABADIE",Trois-Rivières,46.357200622558594,-72.58470153808594
51226199,CENTRE DE PROTECTION ET DE RÉADAPTATION POUR LES JEUNES EN DIFFICULTÉ D'ADAPTATION DÉCARIE,Montréal,45.47999954223633,-73.62229919433594
51226207,CENTRE DE PROTECTION DE L'ENFANCE ET DE LA JEUNESSE DE POINTE-AUX-TREMBLES,Montréal,45.65620040893555,-73.50900268554688
51226322,CENTRE D'ACTIVITÉS DE JOUR EN DÉFICIENCE INTELLECTUELLE ET EN TROUBLES DU SPECTRE DE L'AUTISME DE SAINT-LÉONARD-D'ASTON,Saint-Léonard-d'Aston,46.117000579833984,-72.36730194091797
51226348,CENTRE D'ACTIVITÉS DE JOUR EN DÉFICIENCE INTELLECTUELLE ET EN TROUBLES DU SPECTRE DE L'AUTISME GIROUARD,Victoriaville,46.049198150634766,-71.93170166015625
51226355,CENTRE D'ACTIVITÉS DE JOUR EN DÉFICIENCE INTELLECTUELLE ET EN TROUBLES DU SPECTRE DE L'AUTISME NOTRE-DAME-EST,Victoriaville,46.07220077514648,-71.93309783935547
51226363,CENTRE D'ACTIVITÉS DE JOUR EN DÉFICIENCE INTELLECTUELLE ET EN TROUBLES DU SPECTRE DE L'AUTISME GAMACHE,Victoriaville,46.04040145874024,-71.96600341796875
51226629,"CENTRE DE RÉADAPTATION EN DÉFICIENCE INTELLECTUELLE, EN TROUBLE DU SPECTRE DE L'AUTISME ET EN DÉFICIENCE PHYSIQUE RUBIN",Victoriaville,46.06660079956055,-71.96820068359375
51226785,CLSC ET CENTRE DE SERVICES AMBULATOIRES EN PÉDIATRIE DE LA RUE SAINT-VINCENT,Sainte-Agathe-des-Monts,46.05379867553711,-74.28739929199219
51226793,CENTRE MULTISERVICES DE SANTÉ ET DE SERVICES SOCIAUX DE GATINEAU,Gatineau,45.48329925537109,-75.68569946289062
51226801,CENTRE DE RÉADAPTATION POUR LES JEUNES EN DIFFICULTÉ D'ADAPTATION DE SAINTE-SOPHIE,Sainte-Sophie,45.85699844360352,-74.00080108642578
51226819,FOYER DE GROUPE POUR LES JEUNES EN DIFFICULTÉ D'ADAPTATION DE SAINTE-MARIE,Sainte-Marie,46.453800201416016,-71.03209686279297
51226835,CHSLD SAINT-VINCENT-DE-PAUL,Sherbrooke,45.40620040893555,-71.881103515625
51226868,MAISON DE NAISSANCE ET CLSC DES FILLES-DE-LA-SAGESSE,Nicolet,46.23429870605469,-72.63490295410156
51226876,CLSC DE SAINT-LÉONARD-D'ASTON,Saint-Léonard-d'Aston,46.105899810791016,-72.37200164794922
51226892,HÔPITAL D'AMQUI,Amqui,48.46849822998047,-67.41929626464844
51226900,CLSC DE CAUSAPSCAL,Causapscal,48.37030029296875,-67.23880004882812
51226918,CLSC D'ARMAGH,Armagh,46.743499755859375,-70.589599609375
51226934,MAISON DE NAISSANCE COLETTE-JULIEN,Mont-Joli,48.59310150146485,-68.19740295410156
51226959,CENTRE DE RÉADAPTATION EN DÉFICIENCE INTELLECTUELLE ET EN TROUBLES DU SPECTRE DE L'AUTISME DE DONNACONA,Donnacona,46.67279815673828,-71.70899963378906
51227023,CENTRE D'ACTIVITÉS DE JOUR EN DÉFICIENCE INTELLECTUELLE ET EN TROUBLES DU SPECTRE DE L'AUTISME FRANÇOIS-1ER,Québec,46.82419967651367,-71.24240112304688
51227098,CENTRE D'ACTIVITÉS DE JOUR EN DÉFICIENCE INTELLECTUELLE ET EN TROUBLES DU SPECTRE DE L'AUTISME BOIVIN,Québec,46.79079818725586,-71.2708969116211
51227122,ATELIER DE TRAVAIL EN DÉFICIENCE INTELLECTUELLE ET EN TROUBLES DU SPECTRE DE L'AUTISME LOUIS-XIV,Québec,46.89659881591797,-71.2083969116211
51227304,CENTRE DE SERVICES AMBULATOIRES ET CLSC VALLÉE-DES-FORTS,Saint-Jean-sur-Richelieu,45.33570098876953,-73.26940155029297
51227312,CLSC DE HENRYVILLE,Henryville,45.13890075683594,-73.19229888916016
51227361,CENTRE DE RÉADAPTATION EN DÉFICIENCE PHYSIQUE DE L'OUTAOUAIS,Gatineau,45.44559860229492,-75.74610137939453
51227387,CENTRE DE RÉADAPTATION EN DÉFICIENCE PHYSIQUE DE VALLÉE-DE-LA-LIÈVRE,Gatineau,45.587799072265625,-75.41210174560547
51227437,POINT DE SERVICE DE LAC-MÉGANTIC,Lac-Mégantic,45.588600158691406,-70.90579986572266
51227452,POINT DE SERVICE DE MAGOG,Magog,45.265098571777344,-72.14510345458984
51227478,CENTRE DE SERVICES AMBULATOIRES EN SANTÉ MENTALE DE TERREBONNE,Terrebonne,45.70869827270508,-73.6249008178711
51227486,CENTRE DE RÉADAPTATION EN DÉFICIENCE PHYSIQUE DE TERREBONNE,Terrebonne,45.7057991027832,-73.62950134277344
51227528,CLSC SIMONNE-MONET-CHARTRAND,Longueuil,45.53609848022461,-73.45850372314453
51227536,HÔPITAL ET CHSLD ARGYLL,Sherbrooke,45.40420150756836,-71.91510009765625
51227544,CENTRE DE SERVICES AMBULATOIRES EN SANTÉ MENTALE DE LÉVIS,Lévis,46.8213005065918,-71.1791000366211
51227569,HÔTEL-DIEU DE LÉVIS,Lévis,46.81499862670898,-71.17729949951172
51227593,POINT DE SERVICE MRC KAMOURASKA EST,Saint-Pascal,47.5275993347168,-69.80439758300781
51227601,POINT DE SERVICE MRC RIVIÈRE-DU-LOUP,Rivière-du-Loup,47.832801818847656,-69.5365982055664
51227619,CENTRE DE RÉADAPTATION EN DÉFICIENCE INTELLECTUELLE DU BAS-SAINT-LAURENT CENTRE ADMINISTRATIF,Saint-Cyprien,47.8931999206543,-69.01959991455078
51227627,CLSC DE MATANE,Matane,48.84600067138672,-67.52999877929688
51227676,CENTRE MULTISERVICES DE SANTÉ ET DE SERVICES SOCIAUX DE SAINT-JÉRÔME,Saint-Jérôme,45.762001037597656,-73.99420166015625
51227692,CLSC DE CAP-CHAT,Cap-Chat,49.09709930419922,-66.6865005493164
51227718,CLSC DESROSIERS-LANGLOIS,Terrebonne,45.72269821166992,-73.51029968261719
51227775,HÔPITAL DE CHANDLER,Chandler,48.35480117797852,-64.67169952392578
51227783,HÔPITAL DE L'ARCHIPEL,Les Îles-de-la-Madeleine,47.3755989074707,-61.86880111694336
51227791,CLSC DE CAP-AUX-MEULES,Les Îles-de-la-Madeleine,47.37620162963867,-61.86790084838867
51227825,CLSC DE RÉMIGNY,Rémigny,47.762001037597656,-79.20829772949219
51227866,CLSC DE NÉDÉLEC,Nédélec,47.69440078735352,-79.42389678955078
51227882,HÔPITAL RÉGIONAL DE RIMOUSKI,Rimouski,48.446998596191406,-68.53050231933594
51227890,CLSC DE RIVIÈRE-DU-LOUP,Rivière-du-Loup,47.83060073852539,-69.53610229492188
51227908,HÔPITAL ET GROUPE DE MÉDECINE DE FAMILLE UNIVERSITAIRE DE MARIA,Maria,48.1692008972168,-65.99349975585938
51227957,CHSLD SAINT-GEORGES,Montréal,45.51219940185547,-73.5728988647461
51227965,CENTRE DE RÉADAPTATION EN DÉFICIENCE PHYSIQUE DE RIMOUSKI-NEIGETTE,Rimouski,48.45970153808594,-68.51809692382812
51227973,FOYER DE GROUPE POUR LES JEUNES EN DIFFICULTÉ D'ADAPTATION SAINT-VITAL,Montréal,45.5817985534668,-73.63710021972656
51227981,CHSLD DU COMTÉ-DE-HUNTINGDON / HUNTINGDON COUNTY CHSLD,Huntingdon,45.08250045776367,-74.17759704589844
51227999,CLSC DE HUNTINGDON / HUNTINGDON CLSC,Huntingdon,45.08879852294922,-74.17359924316406
51228005,HÔPITAL BARRIE MEMORIAL / BARRIE MEMORIAL HOSPITAL,Ormstown,45.12630081176758,-73.9999008178711
51228013,CLSC LAMATER LES MOULINS,Terrebonne,45.71849822998047,-73.68219757080078
51228039,HÔTEL-DIEU D'ARTHABASKA,Victoriaville,46.04059982299805,-71.91500091552734
51228054,CLSC SUZOR-COTÉ,Victoriaville,46.06069946289063,-71.9645004272461
51228062,HÔPITAL PIERRE-LE GARDEUR,Terrebonne,45.7239990234375,-73.510498046875
51228112,CENTRE DE SERVICES AMBULATOIRES SAINT-JACQUES,Granby,45.39799880981445,-72.72660064697266
51228120,HÔPITAL DE GRANBY,Granby,45.41059875488281,-72.7229995727539
51228138,MAISON DE NAISSANCE MIMOSA,Lévis,46.75579833984375,-71.23789978027344
51228195,CLSC D'ALMA,Alma,48.55059814453125,-71.65380096435547
51228203,HÔPITAL ET CENTRE D'HÉBERGEMENT DE ROBERVAL,Roberval,48.5077018737793,-72.21900177001953
51228211,CLSC DE SAINT-FÉLICIEN,Saint-Félicien,48.6531982421875,-72.44629669189453
51228229,CLSC LAMATER DE TERREBONNE,Terrebonne,45.699798583984375,-73.65850067138672
51228245,CENTRE D'HÉBERGEMENT DENIS-BENJAMIN-VIGER,Montréal,45.4906005859375,-73.87000274658203
51228252,CLSC DU LAC-SAINT-LOUIS,Pointe-Claire,45.43899917602539,-73.82749938964844
51228260,CLSC DE PIERREFONDS,Montréal,45.49720001220703,-73.84839630126953
51228278,HÔPITAL GÉNÉRAL DU LAKESHORE,Pointe-Claire,45.44860076904297,-73.83370208740234
51228286,CENTRE D'HÉBERGEMENT DE LASALLE,Montréal,45.41640090942383,-73.62059783935547
51228294,CLSC DE DORVAL-LACHINE,Montréal,45.43539810180664,-73.68150329589844
51228302,CENTRE D'HÉBERGEMENT DE LACHINE,Montréal,45.44060134887695,-73.68949890136719
51228310,HÔPITAL DE LACHINE,Montréal,45.440799713134766,-73.677001953125
51228328,CENTRE D'HÉBERGEMENT LOUIS-RIEL,Montréal,45.48199844360352,-73.56629943847656
51228336,CENTRE D'HÉBERGEMENT RÉAL-MOREL,Montréal,45.46849822998047,-73.5647964477539
51228344,CLSC DE SAINT-HENRI,Montréal,45.47880172729492,-73.58370208740234
51228351,CLSC ET CENTRE DE SERVICES AMBULATOIRES DE VERDUN,Montréal,45.46260070800781,-73.56939697265625
51228369,CENTRE D'HÉBERGEMENT YVON-BRUNET,Montréal,45.453800201416016,-73.60350036621094
51228377,CENTRE MULTISERVICES DE SANTÉ ET DE SERVICES SOCIAUX DE SAINT-HENRI,Montréal,45.46969985961914,-73.59400177001953
51228393,CLSC RENÉ-CASSIN,Côte-Saint-Luc,45.47579956054688,-73.66549682617188
51228401,HÔPITAL RICHARDSON,Montréal,45.47200012207031,-73.6458969116211
51228419,CLSC ET GROUPE DE MÉDECINE DE FAMILLE UNIVERSITAIRE CÔTE-DES-NEIGES,Montréal,45.49819946289063,-73.6272964477539
51228427,CLSC ET GROUPE DE MÉDECINE DE FAMILLE UNIVERSITAIRE MÉTRO,Montréal,45.49459838867188,-73.58100128173828
51228443,CENTRE D'HÉBERGEMENT NOTRE-DAME-DE-LA-MERCI,Montréal,45.54759979248047,-73.68769836425781
51228450,CHSLD DE CARTIERVILLE,Montréal,45.53150177001953,-73.71720123291016
51228468,CLSC DE MONTRÉAL-NORD,Montréal,45.6072998046875,-73.62000274658203
51228476,CHSLD LAURENDEAU,Montréal,45.56809997558594,-73.66200256347656
51228484,CLSC D'AHUNTSIC,Montréal,45.5614013671875,-73.66590118408203
51228492,HÔPITAL FLEURY,Montréal,45.5718002319336,-73.65039825439453
51228500,HÔPITAL JEAN-TALON,Montréal,45.5458984375,-73.6094970703125
51228518,CLSC DE VILLERAY,Montréal,45.551300048828125,-73.62110137939453
51228526,CLSC DE LA PETITE-PATRIE,Montréal,45.5348014831543,-73.6052017211914
51228534,CENTRE D'HÉBERGEMENT PAUL-ÉMILE-LÉGER,Montréal,45.5093002319336,-73.55999755859375
51228542,CENTRE D'HÉBERGEMENT ÉMILIE-GAMELIN,Montréal,45.52840042114258,-73.54810333251953
51228583,CHSLD DE SAINT-MICHEL,Montréal,45.5620002746582,-73.61029815673828
51228609,CLSC DE SAINT-LÉONARD,Montréal,45.58530044555664,-73.58989715576172
51228617,CLSC ET GROUPE DE MÉDECINE DE FAMILLE UNIVERSITAIRE DE HOCHELAGA-MAISONNEUVE,Montréal,45.551300048828125,-73.54090118408203
51228625,CLSC OLIVIER-GUIMOND,Montréal,45.57500076293945,-73.54750061035156
51228641,CHSLD BENJAMIN-VICTOR-ROUSSELOT,Montréal,45.572898864746094,-73.55079650878906
51228658,CHSLD JEAN-HUBERT-BIERMANS,Montréal,45.59629821777344,-73.5364990234375
51228674,CLSC DE RIVIÈRE-DES-PRAIRIES,Montréal,45.644798278808594,-73.58599853515625
51228682,CLSC DE L'EST-DE-MONTRÉAL,Montréal,45.66640090942383,-73.49359893798828
51228690,HÔPITAL ET CLSC DE LA MALBAIE,La Malbaie,47.65620040893555,-70.15170288085938
51228724,CLSC DES MILLE-ÎLES,Laval,45.607200622558594,-73.64550018310547
51228732,CENTRE D'HÉBERGEMENT FERNAND-LAROCQUE,Laval,45.615501403808594,-73.64399719238281
51228740,CLSC ET CHSLD SAINTE-ROSE,Laval,45.6078987121582,-73.78939819335938
51228757,HÔPITAL DE LA CITÉ-DE-LA-SANTÉ,Laval,45.60329818725586,-73.71080017089844
51228765,CLSC ET HÔPITAL LE ROYER,Baie-Comeau,49.19020080566406,-68.25250244140625
51228781,HÔPITAL SAINTE-CROIX,Drummondville,45.880001068115234,-72.47730255126953
51228799,HÔPITAL ET CHSLD MÉMORIAL DE WAKEFIELD / WAKEFIELD MEMORIAL HOSPITAL,La Pêche,45.64860153198242,-75.93260192871094
51228807,CLSC SAINT-RÉDEMPTEUR,Gatineau,45.42710113525391,-75.7218017578125
51228815,CENTRE D'HÉBERGEMENT LIONEL-ÉMOND,Gatineau,45.4453010559082,-75.74849700927734
51228823,HÔPITAL ET CHSLD DE PAPINEAU,Gatineau,45.588600158691406,-75.4114990234375
51228831,CLSC DE VALLÉE-DE-LA-LIÈVRE,Gatineau,45.5880012512207,-75.40270233154297
51228864,HÔPITAL DE SAINT-EUSTACHE,Saint-Eustache,45.5713005065918,-73.9136962890625
51228880,HÔPITAL DE SAINT-JÉRÔME,Saint-Jérôme,45.76559829711914,-74.00019836425781
51228898,CLSC DU CENTRE-VILLE-DE-SAINT-JÉRÔME,Saint-Jérôme,45.77939987182617,-74.00409698486328
51228906,HÔPITAL D'AMOS,Amos,48.574501037597656,-78.12550354003906
51228922,HÔPITAL DE ROUYN-NORANDA,Rouyn-Noranda,48.24380111694336,-79.01930236816406
51228930,CHSLD DE ROUYN-NORANDA,Rouyn-Noranda,48.22869873046875,-79.0166015625
51228955,CLSC DE THETFORD,Thetford Mines,46.09120178222656,-71.30079650878906
51228971,HÔPITAL DE SAINT-GEORGES,Saint-Georges,46.10969924926758,-70.6852035522461
51228989,CLSC DE SAINT-JOSEPH-DE-BEAUCE,Saint-Joseph-de-Beauce,46.29930114746094,-70.87129974365234
51228997,CLSC DE LA GUADELOUPE,La Guadeloupe,45.9650993347168,-70.94180297851562
51229003,CLSC DE LONGUEUIL-OUEST,Longueuil,45.5275993347168,-73.48320007324219
51229011,HÔPITAL PIERRE-BOUCHER,Longueuil,45.53829956054688,-73.45880126953125
51229029,CENTRE D'HÉBERGEMENT DU CHEVALIER-DE LÉVIS,Longueuil,45.538700103759766,-73.50260162353516
51229037,CLSC DES SEIGNEURIES,Varennes,45.682498931884766,-73.4363021850586
51229045,HÔPITAL DU HAUT-RICHELIEU,Saint-Jean-sur-Richelieu,45.33250045776367,-73.27020263671875
51229052,MAISON DE NAISSANCE DU RICHELIEU,Richelieu,45.44179916381836,-73.24420166015625
51229060,CHSLD SAINTE-CROIX,Marieville,45.43519973754883,-73.1593017578125
51229078,"CENTRE DE SERVICES AMBULATOIRES, CLSC ET AIRE OUVERTE SAMUEL-DE-CHAMPLAIN",Brossard,45.47769927978516,-73.46489715576172
51229086,"CENTRE DE SERVICES AMBULATOIRES, CLSC ET GROUPE DE MÉDECINE DE FAMILLE UNIVERSITAIRE DE SAINT-HUBERT",Longueuil,45.492801666259766,-73.4032974243164
51229094,CENTRE D'HÉBERGEMENT ÉLISABETH-LAFRANCE,Sorel-Tracy,46.04629898071289,-73.10880279541016
51229102,HÔTEL-DIEU DE SOREL,Sorel-Tracy,46.04579925537109,-73.09559631347656
51229110,CLSC DE SALABERRY-DE-VALLEYFIELD,Salaberry-de-Valleyfield,45.26470184326172,-74.13020324707031
51229128,CHSLD DOCTEUR-AIMÉ-LEDUC,Salaberry-de-Valleyfield,45.25419998168945,-74.13590240478516
51229136,HÔPITAL DU SUROÎT,Salaberry-de-Valleyfield,45.25090026855469,-74.13069915771484
51229144,CLSC DE CHÂTEAUGUAY,Châteauguay,45.35850143432617,-73.71479797363281
51229151,HÔPITAL ANNA-LABERGE,Châteauguay,45.345699310302734,-73.76339721679688
51229169,CLSC DE SAINT-RÉMI,Saint-Rémi,45.25619888305664,-73.62030029296875
51229177,CLSC KATERI,Candiac,45.39870071411133,-73.52729797363281
51229185,HÔPITAL BROME-MISSISQUOI-PERKINS,Cowansville,45.20709991455078,-72.71440124511719
51229193,HÔPITAL HONORÉ-MERCIER,Saint-Hyacinthe,45.63479995727539,-72.95950317382812
51229219,CENTRE D'HÉBERGEMENT D'ACTON VALE,Acton Vale,45.65299987792969,-72.56559753417969
51229235,CHSLD DE RIGAUD,Rigaud,45.4739990234375,-74.30480194091797
51229243,CENTRE DE RÉADAPTATION EN DÉPENDANCE JEAN-PATRICE-CHIASSON,Sherbrooke,45.39770126342773,-71.92220306396484
51229318,CLSC DES BOIS-FRANCS,Victoriaville,46.064701080322266,-71.96099853515625
51229359,CLSC DE SAINT-ÉLIE-DE-CAXTON,Saint-Élie-de-Caxton,46.48780059814453,-72.95860290527344
51229391,CLSC DE TASCHEREAU,Taschereau,48.664798736572266,-78.68730163574219
51229409,CENTRE MULTISERVICES DE SANTÉ ET DE SERVICES SOCIAUX ROBERT-WRIGHT,Gatineau,45.40679931640625,-75.84850311279297
51229425,CENTRE D'ACTIVITÉS DE JOUR EN DÉFICIENCE INTELLECTUELLE ET EN TROUBLES DU SPECTRE DE L'AUTISME DE GATINEAU,Gatineau,45.49620056152344,-75.6884994506836
51229516,CHSLD ET CLSC DE COTEAU-DU-LAC,Coteau-du-Lac,45.29180145263672,-74.17549896240234
51229524,CLSC DE RIGAUD,Rigaud,45.47579956054688,-74.29959869384766
51229557,CENTRE DE PROTECTION DE L'ENFANCE ET DE LA JEUNESSE LA VÉRENDRYE EST,Gatineau,45.50189971923828,-75.64099884033203
51229565,CENTRE DE PROTECTION DE L'ENFANCE ET DE LA JEUNESSE DE L'AVENUE GATINEAU,Gatineau,45.47850036621094,-75.72570037841797
51229631,CENTRE DE SERVICES AMBULATOIRES EN SANTÉ MENTALE PAPINEAU,Montréal,45.56850051879883,-73.65360260009766
51229649,FOYER DE GROUPE ET APPARTEMENT SUPERVISÉ POUR LES JEUNES EN DIFFICULTÉ D'ADAPTATAION KELLY,Sherbrooke,45.38710021972656,-71.90779876708984
51229656,CLSC DE LABELLE,Labelle,46.2781982421875,-74.73400115966797
51229664,CENTRE DE RÉADAPTATION POUR LES JEUNES EN DIFFICULTÉ D'ADAPTATION DE RIVIÈRE-DU-LOUP,Rivière-du-Loup,47.820899963378906,-69.53780364990234
51229755,CENTRE DE PROTECTION DE L'ENFANCE ET DE LA JEUNESSE DE VAUDREUIL-DORION,Vaudreuil-Dorion,45.40380096435547,-74.03610229492188
51229763,CENTRE D'HÉBERGEMENT DE REPENTIGNY,Repentigny,45.74869918823242,-73.46520233154297
51229821,CENTRE DE PROTECTION DE L'ENFANCE ET DE LA JEUNESSE DE SOREL-TRACY,Sorel-Tracy,46.04520034790039,-73.08989715576172
51229839,RÉSIDENCE RIVIERA,Laval,45.54869842529297,-73.7343978881836
51229854,CENTRE DE RÉADAPTATION EN DÉFICIENCE PHYSIQUE DE REPENTIGNY,Repentigny,45.7406005859375,-73.45269775390625
51229938,CENTRE DE RÉADAPTATION POUR LES JEUNES EN DIFFICULTÉ D'ADAPTATION DE SAINT-THOMAS,Saint-Thomas,46.01430130004883,-73.35389709472656
51229946,CLSC DE MERCIER-EST,Montréal,45.611698150634766,-73.52660369873047
51229953,CLSC DE VERCHÈRES,Verchères,45.77270126342773,-73.3511962890625
51229995,CENTRE DE CRISE ÉMILE-NELLIGAN,Montréal,45.60309982299805,-73.52580261230469
51230027,CENTRE D'ACTIVITÉS DE JOUR DE MANSONVILLE,Potton,45.04859924316406,-72.39199829101562
51230043,CENTRE D'ACTIVITÉS DE JOUR DU GRANIT,Lac-Mégantic,45.570899963378906,-70.87539672851562
51230076,ATELIER ET CENTRE D'ACTIVITÉS DE JOUR D'ASBESTOS,Val-des-Sources,45.77790069580078,-71.96659851074219
51230092,CLSC DU PLATEAU-MONT-ROYAL,Montréal,45.53620147705078,-73.5739974975586
51230100,CLSC SAINT-URBAIN,Montréal,45.51950073242188,-73.5873031616211
51230118,CHÂTEAU SUR LE LAC,Montréal,45.47800064086914,-73.87449645996094
51230167,CENTRE DE SERVICES AMBULATOIRES EN PÉDOPSYCHIATRIE DE LÉVIS,Lévis,46.8129997253418,-71.17369842529297
51230175,CENTRE D'HÉBERGEMENT CHAMPLAIN-DES-MONTAGNES,Québec,46.90510177612305,-71.32019805908203
51230183,CENTRE D'HÉBERGEMENT CHAMPLAIN-DE-SAINT-FRANÇOIS,Laval,45.68560028076172,-73.62740325927734
51230209,CENTRE D'HÉBERGEMENT CHAMPLAIN - JEAN-LOUIS-LAPIERRE,Saint-Constant,45.36709976196289,-73.57099914550781
51230217,CENTRE D'HÉBERGEMENT CHAMPLAIN-DU-CHÂTEAU,Berthierville,46.07120132446289,-73.18190002441406
51230225,CENTRE D'HÉBERGEMENT FATHER-DOWD,Montréal,45.50709915161133,-73.63069915771484
51230233,CENTRE D'HÉBERGEMENT SAINT-MARGARET,Westmount,45.48199844360352,-73.589599609375
51230274,CENTRE DE RÉADAPTATION EN DÉFICIENCE PHYSIQUE ET EN DÉFICIENCE INTELLECTUELLE ET EN TROUBLES DU SPECTRE DE L’AUTISME DE VAL-D’OR,Val-d'Or,48.10210037231445,-77.80159759521484
51230282,CLSC DE JOLIETTE,Joliette,46.01910018920898,-73.43720245361328
51230316,CLSC ET CENTRE DE RÉADAPTATION EN DÉPENDANCE SAINT-ANTOINE,Roberval,48.5171012878418,-72.22589874267578
51230340,CENTRE DE PROTECTION ET DE RÉADAPTATION EN DÉFICIENCE INTELLECTUELLE ET EN TROUBLES DU SPECTRE DE L'AUTISME DE SEPT-ÎLES,Sept-Îles,50.215599060058594,-66.37770080566406
51230423,CLSC DE SAINT-JUDE,Saint-Jude,45.77099990844727,-72.99250030517578
51230431,CLSC DES MASKOUTAINS,Saint-Hyacinthe,45.637001037597656,-72.95980072021484
51230464,CENTRE DE SERVICES AMBULATOIRES EN SANTÉ MENTALE RENÉ-LAENNEC,Laval,45.608699798583984,-73.72029876708984
51230480,CENTRE DE RÉADAPTATION EN DÉFICIENCE PHYSIQUE DE LA RUE SAINT-PIERRE EST,Saint-Hyacinthe,45.62699890136719,-72.93409729003906
51230498,CENTRE DE RÉADAPTATION EN DÉFICIENCE PHYSIQUE DE LA RUE DESSAULLES,Saint-Hyacinthe,45.62570190429688,-72.94999694824219
51230506,CENTRE D'HÉBERGEMENT ET DE SOINS DE LONGUE DURÉE VIGI SHERMONT,Sherbrooke,45.44940185546875,-71.86070251464844
51230530,CENTRE DE RÉADAPTATION EN DÉFICIENCE PHYSIQUE DES ÎLES-DE-LA-MADELEINE,Les Îles-de-la-Madeleine,47.40439987182617,-61.89770126342773
51230597,CENTRE D'HÉBERGEMENT DE LA RIVE,Laval,45.562198638916016,-73.85890197753906
51230605,CENTRE DE RÉADAPTATION EN DÉFICIENCE INTELLECTUELLE ET EN TROUBLES DU SPECTRE DE L’AUTISME DE DELSON,Delson,45.36090087890625,-73.53459930419922
51230621,CENTRE DE RÉADAPTATION EN DÉFICIENCE INTELLECTUELLE ET EN TROUBLES DU SPECTRE DE L'AUTISME DE VAUDREUIL-DORION,Vaudreuil-Dorion,45.37960052490234,-74.02020263671875
51230639,"CENTRE DE RÉADAPTATION EN DÉFICIENCE PHYSIQUE, EN DÉFICIENCE INTELLECTUELLE ET EN TROUBLES DU SPECTRE DE L’AUTISME DE LA RUE MADEN",Salaberry-de-Valleyfield,45.25529861450195,-74.13379669189453
51230662,CENTRE DE RÉADAPTATION EN DÉFICIENCE INTELLECTUELLE ET EN TROUBLES DU SPECTRE DE L'AUTISME DE CHAMBLY,Chambly,45.45029830932617,-73.29720306396484
51230670,CENTRE DE RÉADAPTATION EN DÉFICIENCE INTELLECTUELLE ET EN TROUBLES DU SPECTRE DE L'AUTISME DE LA RUE DORCHESTER,Saint-Jean-sur-Richelieu,45.3202018737793,-73.27020263671875
51230696,CENTRE DE RÉADAPTATION EN DÉFICIENCE INTELLECTUELLE ET EN TROUBLES DU SPECTRE DE L'AUTISME DE NAPIERVILLE,Napierville,45.17910003662109,-73.39730072021484
51230712,CENTRE D'ACTIVITÉS DE JOUR EN DÉFICIENCE INTELLECTUELLE ET EN TROUBLES DU SPECTRE DE L'AUTISME MARIA-CHAPDELAINE,Dolbeau-Mistassini,48.888301849365234,-72.20279693603516
51230720,CENTRE DE RÉADAPTATION EN DÉFICIENCE INTELLECTUELLE ET EN TROUBLES DU SPECTRE DE L'AUTISME DE MÉTABETCHOUAN-LAC-À-LA-CROIX,Métabetchouan--Lac-à-la-Croix,48.43889999389648,-71.84269714355469
51230738,CENTRE DE RÉADAPTATION EN DÉFICIENCE INTELLECTUELLE ET EN TROUBLES DU SPECTRE DE L'AUTISME DU LONG-SAULT,Saguenay,48.40019989013672,-71.23809814453125
51230753,GROUPE DE MÉDECINE DE FAMILLE UNIVERSITAIRE ET CLSC DE SHAWINIGAN-SUD,Shawinigan,46.52439880371094,-72.74430084228516
51230779,CHSLD DE SAINT-LAURENT,Montréal,45.516998291015625,-73.67990112304688
51230795,CENTRE DE PROTECTION ET DE RÉADAPTATION POUR LES JEUNES ET LES MÈRES EN DIFFICULTÉ D'ADAPTATION DE VICTORIAVILLE,Victoriaville,46.06050109863281,-71.96510314941406
51230829,FOYER DE GROUPE POUR LES JEUNES EN DIFFICULTÉ D'ADAPTATION HARMONY,Montréal,45.55139923095703,-73.61070251464844
51230837,CENTRE DE RÉADAPTATION EN DÉPENDANCE SAINT-RENÉ,Gatineau,45.4926986694336,-75.63909912109375
51230928,CENTRE D'ACTIVITÉS DE JOUR EN DÉFICIENCE INTELLECTUELLE ET EN TROUBLES DU SPECTRE DE L'AUTISME SAINT-PAUL,Trois-Rivières,46.35049819946289,-72.54049682617188
51230951,CENTRE DE RÉADAPTATION EN DÉFICIENCE PHYSIQUE VACHON,Trois-Rivières,46.37239837646485,-72.5531997680664
51230969,CENTRE DE RÉADAPTATION EN DÉFICIENCE INTELLECTUELLE ET EN TROUBLES DU SPECTRE DE L'AUTISME DE GATINEAU,Gatineau,45.43629837036133,-75.73149871826172
51230993,CENTRE D'ACTIVITÉS DE JOUR EN DÉFICIENCE INTELLECTUELLE ET EN TROUBLES DU SPECTRE DE L'AUTISME DE SAINTE-ANNE-DE-BEAUPRÉ,Beaupré,47.025299072265625,-70.92019653320312
51231041,CENTRE D'ACTIVITÉS DE JOUR EN DÉFICIENCE INTELLECTUELLE ET EN TROUBLES DU SPECTRE DE L'AUTISME DE L'ÎLE-D'ORLÉANS,Saint-Pierre-de-L'Île-d'Orléans,46.88679885864258,-71.07759857177734
51231124,ATELIER DE TRAVAIL EN DÉFICIENCE INTELLECTUELLE ET EN TROUBLES DU SPECTRE DE L'AUTISME DU CENTRE PLACE DE NEMOURS,Québec,46.851600646972656,-71.23970031738281
51231157,CENTRE D'ACTIVITÉS DE JOUR EN DÉFICIENCE INTELLECTUELLE ET EN TROUBLES DU SPECTRE DE L'AUTISME SAINT-GERMAIN,Portneuf,46.71120071411133,-71.88580322265625
51231165,CENTRE DE RÉADAPTATION EN DÉPENDANCE DE QUÉBEC,Québec,46.84560012817383,-71.22160339355469
51231215,CENTRE D'HÉBERGEMENT ET DE SOINS DE LONGUE DURÉE VIGI DE DEUX-MONTAGNES,Deux-Montagnes,45.54230117797852,-73.91490173339844
51231223,CENTRE D'ACCUEIL LE PROGRAMME DE PORTAGE,Montréal,45.48469924926758,-73.57669830322266
51231231,CENTRE D'ACCUEIL LE PROGRAMME DE PORTAGE,Prévost,45.88090133666992,-74.01429748535156
51231256,FOYER DE GROUPE POUR LES JEUNES EN DIFFICULTÉ D'ADAPTATION VINCENT-CHAGNON,Lévis,46.80379867553711,-71.17449951171875
51231314,CLSC D'ORSAINVILLE,Québec,46.90510177612305,-71.32019805908203
51231322,CENTRE D'HÉBERGEMENT DE SAINT-CYPRIEN,Saint-Cyprien,47.89569854736328,-69.02429962158203
51231330,HÔPITAL JEFFERY HALE,Québec,46.79660034179688,-71.25309753417969
51231355,MAISON DE NAISSANCE DE L'ESTRIE,Sherbrooke,45.471099853515625,-71.94539642333984
51231363,CENTRE MULTISERVICES DE SANTÉ ET DE SERVICES SOCIAUX DE PARC-EXTENSION,Montréal,45.529598236083984,-73.62100219726562
51231371,CENTRE D'ACTIVITÉS DE JOUR DE SHERBROOKE - QUEEN,Sherbrooke,45.35979843139648,-71.85800170898438
51231405,ATELIER DU HAUT-SAINT-FRANÇOIS,East Angus,45.47949981689453,-71.66429901123047
51231421,CENTRE DE PROTECTION ET DE RÉADAPTATION POUR LES JEUNES EN DIFFICULTÉ D'ADAPTATION DE CAP-ROUGE,Québec,46.74140167236328,-71.36060333251953
51231439,FOYER DE GROUPE POUR LES JEUNES EN DIFFICULTÉ D'ADAPTATION DE LIMOILOU,Québec,46.83359909057617,-71.25489807128906
51231454,FOYER DE GROUPE POUR LES JEUNES EN DIFFICULTÉ D'ADAPTATION DE LORETTEVILLE,Québec,46.8656005859375,-71.377197265625
51231470,CENTRE MULTISERVICES DE SANTÉ ET DE SERVICES SOCIAUX DE SAINT-LOUIS-DU-PARC,Montréal,45.52000045776367,-73.58689880371094
51231504,CENTRE D'HÉBERGEMENT ET DE SOINS DE LONGUE DURÉE CÔTÉ-JARDIN,Québec,46.78820037841797,-71.26100158691406
51231595,CENTRE MULTISERVICES DE SANTÉ ET DE SERVICES SOCIAUX CLAUDE-DAVID,Repentigny,45.71879959106445,-73.47560119628906
51231603,CENTRE DE RÉADAPTATION EN DÉFICIENCE INTELLECTUELLE ET EN TROUBLES DU SPECTRE DE L’AUTISME DU BOULEVARD LAFRAMBOISE,Saint-Hyacinthe,45.63479995727539,-72.95950317382812
51231645,CENTRE D'ACTIVITÉS DE JOUR EN DÉFICIENCE INTELLECTUELLE ET EN TROUBLES DU SPECTRE DE L'AUTISME DE SAINT-FLAVIEN,Saint-Flavien,46.51240158081055,-71.5958023071289
51231728,CENTRE D'ACTIVITÉS DE JOUR EN DÉFICIENCE INTELLECTUELLE ET EN TROUBLES DU SPECTRE DE L'AUTISME PLAZA,Saint-Georges,46.10499954223633,-70.65480041503906
51231744,CENTRE D'ACTIVITÉS DE JOUR EN DÉFICIENCE INTELLECTUELLE ET EN TROUBLES DU SPECTRE DE L'AUTISME DE SAINT-PROSPER,Saint-Prosper,46.21060180664063,-70.4729995727539
51231827,CENTRE DE RÉADAPTATION EN DÉFICIENCE PHYSIQUE MADELEINE-BERGERON,Québec,46.77080154418945,-71.29509735107422
51231835,ATELIER DE TRAVAIL EN DÉFICIENCE INTELLECTUELLE ET EN TROUBLES DU SPECTRE DE L'AUTISME DE LA PLACE DE LA 80E,Québec,46.86940002441406,-71.25679779052734
51231884,PROGRAMME DE RECHERCHE CLINIQUE CHUM-IRCM,Montréal,45.51340103149414,-73.57620239257812
51231892,CENTRE DE RÉADAPTATION EN DÉFICIENCE PHYSIQUE LUCIE-BRUNEAU-LAURIER,Montréal,45.54019927978516,-73.57679748535156
51231900,CENTRE D'HÉBERGEMENT DU BOISÉ,Québec,46.75400161743164,-71.32140350341797
51231926,CENTRE DE RÉADAPTATION EN DÉPENDANCE D'AMOS,Amos,48.57460021972656,-78.12370300292969
51231959,CENTRE DE RÉADAPTATION EN DÉFICIENCE PHYSIQUE CONSTANCE-LETHBRIDGE,Montréal,45.45830154418945,-73.63410186767578
51231983,CLSC MONTMORENCY,Québec,46.877201080322266,-71.1572036743164
51231991,CLSC DE SAINTE-CATHERINE-DE-LA-JACQUES-CARTIER,Sainte-Catherine-de-la-Jacques-Cartier,46.84189987182617,-71.61070251464844
51232007,HÔPITAL ET CENTRE DE RÉADAPTATION EN DÉFICIENCE PHYSIQUE IRGLM-CHARLES W. LINDSAY,Montréal,45.50709915161133,-73.62950134277344
51232015,HÔPITAL ET CENTRE DE RÉADAPTATION EN DÉFICIENCE PHYSIQUE IRGLM-GUSTAVE-GINGRAS,Montréal,45.50809860229492,-73.62879943847656
51232023,HÔPITAL ET CLSC DE SEPT-ÎLES,Sept-Îles,50.20980072021485,-66.38400268554688
51232031,CLSC ET CHSLD DE SAINTE-MARIE,Sainte-Marie,46.452598571777344,-71.02760314941406
51232049,CHSLD SAINT-ALEXANDRE,Thetford Mines,46.108001708984375,-71.27870178222656
51232056,CLSC DE SUTTON,Sutton,45.10490036010742,-72.6156005859375
51232080,CENTRE DE PROTECTION DE L'ENFANCE ET DE LA JEUNESSE PIERRE-SAINDON,Rimouski,48.44449996948242,-68.52410125732422
51232098,CENTRE DE RÉADAPTATION EN DÉFICIENCE INTELLECTUELLE ET EN TROUBLES DU SPECTRE DE L'AUTISME DE L'ISLET-SUR-MER,L'Islet,47.1260986328125,-70.37329864501953
51232122,CENTRE D'HÉBERGEMENT CHAMPLAIN-DE-L'ASSOMPTION,Saint-Georges,46.0974006652832,-70.64990234375
51232130,INSTITUT UNIVERSITAIRE DE CARDIOLOGIE ET DE PNEUMOLOGIE DE QUÉBEC,Québec,46.77909851074219,-71.29769897460938
51232148,CENTRE D'HÉBERGEMENT ET DE SOINS DE LONGUE DURÉE WALES,Cleveland,45.67539978027344,-72.17379760742188
51232155,CLSC DE SAINT-MICHEL,Montréal,45.56560134887695,-73.6082992553711
51232171,SAINT BRIGID'S HOME,Québec,46.784400939941406,-71.24549865722656
51232189,INSTITUT UNIVERSITAIRE EN SANTÉ MENTALE DE QUÉBEC,Québec,46.84769821166992,-71.22049713134766
51232197,CENTRE DE RÉADAPTATION EN DÉFICIENCE INTELLECTUELLE ET EN TROUBLES DU SPECTRE DE L'AUTISME DE LA RUE MAISONNEUVE,Longueuil,45.50920104980469,-73.47660064697266
51232205,CENTRE D'HÉBERGEMENT DE LIMOILOU,Québec,46.83639907836914,-71.22360229492188
51232221,SERVICE D'AIDES TECHNIQUES ET SERVICES EXTERNES ÉDITH-STRAUSS,Kirkland,45.45059967041016,-73.84770202636719
51232239,JARDINS DU HAUT SAINT-LAURENT,Saint-Augustin-de-Desmaures,46.73690032958984,-71.3781967163086
51232254,CENTRE DE RÉADAPTATION EN DÉFICIENCE PHYSIQUE ET EN DÉFICIENCE INTELLECTUELLE ET EN TROUBLES DU SPECTRE DE L'AUTISME DE ROUYN-NORANDA,Rouyn-Noranda,48.225399017333984,-79.02110290527344
51232288,CLSC DE SAINT-ROMUALD,Lévis,46.73540115356445,-71.26349639892578
51232312,CENTRE D'ACTIVITÉS DE JOUR EN DÉFICIENCE INTELLECTUELLE ET EN TROUBLES DU SPECTRE DE L'AUTISME LETENDRE,Drummondville,45.87110137939453,-72.52459716796875
51232338,CPEJ ET SERVICES EXTERNES DE DOLBEAU-MISTASSINI,Dolbeau-Mistassini,48.89049911499024,-72.2261962890625
51232346,FOYER DE GROUPE POUR LES JEUNES EN DIFFICULTÉ D'ADAPTATION DE ROBERVAL,Roberval,48.50040054321289,-72.22850036621094
51232353,CENTRE DE RÉADAPTATION EN DÉFICIENCE PHYSIQUE DE CHARNY,Lévis,46.72579956054688,-71.2573013305664
51232361,MAISON DE NAISSANCE DE LA CAPITALE-NATIONALE,Québec,46.82699966430664,-71.2344970703125
51232379,CLSC DE LIMOILOU,Québec,46.83639907836914,-71.22360229492188
51232395,GROUPE DE MÉDECINE DE FAMILLE UNIVERSITAIRE DE SAINT-FRANÇOIS D’ASSISE,Québec,46.82780075073242,-71.23660278320312
51232445,CENTRE DE PROTECTION DE L'ENFANCE ET DE LA JEUNESSE DE LA MATANIE,Matane,48.85279846191406,-67.5105972290039
51232452,CENTRE DE PROTECTION DE L'ENFANCE ET DE LA JEUNESSE DE LA MITIS,Mont-Joli,48.58720016479492,-68.19219970703125
51232486,CLSC MURRAY,Sherbrooke,45.4005012512207,-71.8761978149414
51232510,CENTRE DE RÉADAPTATION EN DÉFICIENCE PHYSIQUE DE LA RUE CHICOINE,Vaudreuil-Dorion,45.37699890136719,-74.02059936523438
51232528,CENTRE DE RÉADAPTATION EN DÉFICIENCE PHYSIQUE DE LA RUE LAMARRE,Longueuil,45.534698486328125,-73.48470306396484
51232536,CENTRE DE PROTECTION ET DE RÉADAPTATION POUR LES JEUNES EN DIFFICULTÉ D'ADAPTATION DU CENTRE-DE-MONTRÉAL,Montréal,45.53020095825195,-73.59819793701172
51232551,CENTRE DE JOUR POUR LES JEUNES EN DIFFICULTÉ D'ADAPTATION FULLUM,Montréal,45.53089904785156,-73.55549621582031
51232569,CENTRE DE JOUR POUR LES JEUNES EN DIFFICULTÉ D'ADAPTATION LAJEUNESSE,Montréal,45.55540084838867,-73.67009735107422
51232577,CENTRE DE PROTECTION DE L'ENFANCE ET DE LA JEUNESSE SAINT-LAURENT,Montréal,45.50650024414063,-73.68299865722656
51232585,CHSLD DE SAINT-EUGÈNE,L'Islet,47.084598541259766,-70.33660125732422
51232601,CHSLD DE SAINTE-PERPÉTUE,Sainte-Perpétue,47.05989837646485,-69.9259033203125
51232619,CENTRE D'ACCUEIL LE PROGRAMME DE PORTAGE,Saint-Malachie,46.49330139160156,-70.70970153808594
51232627,CHSLD VIGI MARIE-CLARET,Montréal,45.58649826049805,-73.64969635009766
51232635,CENTRE D'HÉBERGEMENT CHAMPLAIN-DES-POMMETIERS,Beloeil,45.59109878540039,-73.20069885253906
51232650,FOYER DE GROUPE ROXBORO,Montréal,45.50709915161133,-73.79769897460938
51232668,CENTRE D'ACTIVITÉS DE JOUR,Amqui,48.46369934082031,-67.43440246582031
51232676,POINT DE SERVICE MRC DE MATANE,Matane,48.84550094604492,-67.52619934082031
51232684,POINT DE SERVICE MRC MITIS,Mont-Joli,48.58720016479492,-68.19010162353516
51232726,CENTRE D'ACTIVITÉS DE JOUR EN DÉFICIENCE INTELLECTUELLE ET EN TROUBLES DU SPECTRE DE L'AUTISME F.X.-BOUCHARD,Roberval,48.51480102539063,-72.22920227050781
51232783,GROUPE DE MÉDECINE DE FAMILLE UNIVERSITAIRE DE SAINT-CHARLES-BORROMÉE,Saint-Charles-Borromée,46.04029846191406,-73.45390319824219
51232791,CENTRE DE SERVICES AMBULATOIRES EN PÉDOPSYCHIATRIE DE REPENTIGNY,Repentigny,45.73970031738281,-73.44619750976562
51232809,CENTRE DE RÉADAPTATION EN DÉPENDANCE DE REPENTIGNY,Repentigny,45.70909881591797,-73.64749908447266
51232817,CLSC SAINTE-GENEVIÈVE,Trois-Rivières,46.348899841308594,-72.53949737548828
51232841,CENTRE D'ACTIVITÉS DE JOUR EN DÉFICIENCE INTELLECTUELLE ET EN TROUBLES DU SPECTRE DE L'AUTISME DE RIVIÈRE-ROUGE,Rivière-Rouge,46.414798736572266,-74.87149810791016
51232858,MAISON DES AÎNÉS DE SAINT-TIMOTHÉE,Salaberry-de-Valleyfield,45.289398193359375,-74.03669738769531
51232866,CENTRE DE SERVICES EXTERNES POUR LES AÎNÉS DE POTTON,Potton,45.049598693847656,-72.39189910888672
51232874,CLSC ET CENTRE DE SERVICES EXTERNES POUR LES AÎNÉS DE DUPUY,Dupuy,48.83039855957031,-79.35910034179688
51232882,CLSC DE GALLICHAN,Gallichan,48.60260009765625,-79.29859924316406
51232890,CLSC DE BEAUCANTON,Eeyou Istchee Baie-James,49.03900146484375,-79.23719787597656
51232908,CLSC DE DUPARQUET,Duparquet,48.505401611328125,-79.22920227050781
51232916,CENTRE DE RÉADAPTATION EN DÉFICIENCE PHYSIQUE ET SERVICES AMBULATOIRES DE BLAINVILLE,Blainville,45.6869010925293,-73.89969635009766
51232924,CENTRE DE RÉADAPTATION EN DÉFICIENCE PHYSIQUE DE JOLIETTE,Joliette,46.03300094604492,-73.42630004882812
51232932,CLSC DE MIRABEL,Mirabel,45.6338005065918,-73.98300170898438
51232940,CLSC DE ROSEMONT,Montréal,45.54249954223633,-73.56210327148438
51232965,CENTRE D'ACTIVITÉS DE JOUR,Rimouski,48.49599838256836,-68.4854965209961
51232973,MAISON DE NAISSANCE DU BOISÉ-DE-BLAINVILLE,Blainville,45.67319869995117,-73.88289642333984
51232999,CHSLD ET CLSC DES HAUTEURS,Sainte-Adèle,45.949100494384766,-74.1281967163086
51233013,HÔPITAL GÉNÉRAL JUIF,Montréal,45.49580001831055,-73.63059997558594
51233021,CENTRE DE RÉADAPTATION EN DÉPENDANCE DE LA RUE JOLIETTE,Longueuil,45.523399353027344,-73.49579620361328
51233039,CENTRE DE RÉADAPTATION EN DÉPENDANCE DE SAINT-JEAN-SUR-RICHELIEU,Saint-Jean-sur-Richelieu,45.33729934692383,-73.2676010131836
51233047,CENTRE DE RÉADAPTATION EN DÉPENDANCE DE SOREL-TRACY,Sorel-Tracy,46.04520034790039,-73.08989715576172
51233054,CENTRE DE RÉADAPTATION EN DÉPENDANCE DE SAINT-HYACINTHE,Saint-Hyacinthe,45.63420104980469,-72.96589660644531
51233062,CENTRE DE RÉADAPTATION EN DÉPENDANCE DE CANDIAC,Candiac,45.39080047607422,-73.5167007446289
51233070,CENTRE HOSPITALIER UNIVERSITAIRE SAINTE-JUSTINE,Montréal,45.5010986328125,-73.6260986328125
51233088,CENTRE DE RÉADAPTATION EN DÉFICIENCE PHYSIQUE DE NIVERVILLE,Trois-Rivières,46.346099853515625,-72.54779815673828
51233104,CENTRE D'HÉBERGEMENT CHAMPLAIN-DE-LA-ROSE-BLANCHE,Sherbrooke,45.39799880981445,-71.88069915771484
51233112,CENTRE DE PROTECTION ET DE RÉADAPTATION POUR LES JEUNES EN DIFFICULTÉ D'ADAPTATION DE SAINT-HYACINTHE,Saint-Hyacinthe,45.63819885253906,-72.96410369873047
51233138,CENTRE D’HÉBERGEMENT DOMAINE SAINT-DOMINIQUE,Québec,46.79499816894531,-71.2416000366211
51233146,FOYER DE GROUPE POUR LES JEUNES EN DIFFICULTÉ D'ADAPTATION L'EXPLORATEUR,Saint-Basile-le-Grand,45.51530075073242,-73.31529998779297
51233153,CENTRE D'HÉBERGEMENT ET DE SOINS DE LONGUE DURÉE DE SAINT-LAMBERT-SUR-LE-GOLF,Saint-Lambert,45.510398864746094,-73.50170135498047
51233179,CLSC MEILLEUR DE L'ÉPIPHANIE,L'Épiphanie,45.847599029541016,-73.48470306396484
51233187,CENTRE DE RÉADAPTATION EN DÉFICIENCE INTELLECTUELLE ET EN TROUBLES DU SPECTRE DE L'AUTISME SAINT-PATRICK,Montréal,45.48149871826172,-73.56999969482422
51233237,CLSC DE RIVIÈRE-À-PIERRE,Rivière-à-Pierre,46.99779891967773,-72.17849731445312
51233245,CLSC DE SAINT-UBALDE,Saint-Ubalde,46.75529861450195,-72.27050018310547
51233278,CHSLD DE MALARTIC,Malartic,48.14189910888672,-78.12889862060547
51233328,CENTRE D'ACTIVITÉS DE JOUR EN DÉFICIENCE INTELLECTUELLE ET EN TROUBLES DU SPECTRE DE L'AUTISME CANARDIÈRE,Québec,46.852298736572266,-71.21050262451172
51233336,CENTRE D'ACTIVITÉS DE JOUR EN DÉFICIENCE INTELLECTUELLE ET EN TROUBLES DU SPECTRE DE L'AUTISME 1289 LOUIS-XIV,Québec,46.87580108642578,-71.2510986328125
51233344,CENTRE D'ACTIVITÉS DE JOUR EN DÉFICIENCE INTELLECTUELLE ET EN TROUBLES DU SPECTRE DE L'AUTISME VALCARTIER,Québec,46.85329818725586,-71.36009979248047
51233377,CLSC ET CENTRE DE PROTECTION DE L'ENFANCE ET DE LA JEUNESSE DE VILLE-MARIE,Ville-Marie,47.33319854736328,-79.44029998779297
51233385,SERVICES EXTERNES POUR LES JEUNES EN DIFFICULTÉ D'ADAPTATION DE LOUVICOURT,Val-d'Or,48.07550048828125,-77.3812026977539
51233393,CENTRE DE RÉADAPTATION POUR LES JEUNES EN DIFFICULTÉ D'ADAPTATION DE ROUYN-NORANDA,Rouyn-Noranda,48.22529983520508,-79.02110290527344
51233401,CENTRE D'HÉBERGEMENT SAINT-ANDREW,Montréal,45.4630012512207,-73.62889862060547
51233419,CENTRE D'ACTIVITÉS DE JOUR EN DÉFICIENCE INTELLECTUELLE ET EN TROUBLES DU SPECTRE DE L'AUTISME JEANNE-D'ARC,Montréal,45.55039978027344,-73.5438003540039
51233427,CENTRE DE RÉADAPTATION EN DÉFICIENCE INTELLECTUELLE ET EN TROUBLES DU SPECTRE DE L'AUTISME BEAUBIEN,Montréal,45.59360122680664,-73.55799865722656
51233443,CENTRE D'ACTIVITÉS DE JOUR EN DÉFICIENCE INTELLECTUELLE ET EN TROUBLES DU SPECTRE DE L'AUTISME HOCHELAGA-MAISONNEUVE,Montréal,45.55039978027344,-73.5438003540039
51233468,CENTRE DE PROTECTION DE L'ENFANCE ET DE LA JEUNESSE DE MASCOUCHE,Mascouche,45.74240112304688,-73.60089874267578
51233476,CENTRE DE SERVICES AMBULATOIRES DE DRUMMONDVILLE,Drummondville,45.84099960327149,-72.4363021850586
51233484,CENTRE DE SERVICES AMBULATOIRES ET INSTITUT NAZARETH ET LOUIS-BRAILLE DU SÉMINAIRE NORD,Saint-Jean-sur-Richelieu,45.3114013671875,-73.26370239257812
51233492,INSTITUT NAZARETH ET LOUIS-BRAILLE RADISSON,Montréal,45.58879852294922,-73.54070281982422
51233500,CENTRE DE SERVICES AMBULATOIRES ET INSTITUT NAZARETH ET LOUIS-BRAILLE SAINT-CHARLES OUEST,Longueuil,45.52640151977539,-73.5197982788086
51233518,CENTRE D'HÉBERGEMENT ST-FRANÇOIS,Saguenay,48.423099517822266,-71.03949737548828
51233526,FOYER DE GROUPE POUR LES JEUNES EN DIFFICULTÉ D'ADAPTATION SAINT-CLAUDE,Laval,45.56230163574219,-73.69539642333984
51233534,APPARTEMENT SUPERVISÉ POUR LES JEUNES EN DIFFICULTÉ D'ADAPTATION CARTIER,Laval,45.55179977416992,-73.70860290527344
51233567,CENTRE DE RÉADAPTATION EN DÉFICIENCE PHYSIQUE DE SAINT-JEAN-SUR-RICHELIEU,Saint-Jean-sur-Richelieu,45.3114013671875,-73.26370239257812
51233575,CENTRE DE RÉADAPTATION EN DÉFICIENCE INTELLECTUELLE ET EN TROUBLES DU SPECTRE DE L'AUTISME DE BERTHIERVILLE,Berthierville,46.08530044555664,-73.1843032836914
51233583,CENTRE MULTISERVICES DE SANTÉ ET DE SERVICES SOCIAUX AVELLIN-DALCOURT,Louiseville,46.25460052490234,-72.92900085449219
51233625,FOYER DE GROUPE POUR LES JEUNES EN DIFFICULTÉ D'ADAPTATION DÉSY,Montréal,45.610198974609375,-73.61930084228516
51233633,FOYER DE GROUPE POUR LES JEUNES EN DIFFICULTÉ D'ADAPTATION MONTPETIT,Montréal,45.58340072631836,-73.6532974243164
51233641,HÔPITAL DE JOUR - PAVILLON MARCEL D'AMOUR,Gatineau,45.424800872802734,-75.7406005859375
51233674,CENTRE DE SERVICES AMBULATOIRES CORBEIL,Gatineau,45.45100021362305,-75.75090026855469
51233690,CENTRE DE RÉADAPTATION EN DÉFICIENCE INTELLECTUELLE ET EN TROUBLES DU SPECTRE DE L'AUTISME DE ROSEMÈRE,Rosemère,45.62480163574219,-73.80110168457031
51233716,CENTRE DE RÉADAPTATION EN DÉFICIENCE INTELLECTUELLE ET EN TROUBLES DU SPECTRE DE L'AUTISME DE MIRABEL,Mirabel,45.695098876953125,-73.92389678955078
51233765,CLSC DE BASSIN,Les Îles-de-la-Madeleine,47.22159957885742,-61.93349838256836
51233781,CENTRE D'HÉBERGEMENT DE PONT-ROUGE,Pont-Rouge,46.74639892578125,-71.69039916992188
51233799,HÔPITAL CHARLES-LE MOYNE,Longueuil,45.49729919433594,-73.48639678955078
51233831,CENTRE D'HÉBERGEMENT ROLAND-LECLERC,Trois-Rivières,46.344200134277344,-72.57959747314453
51233849,CLSC DE L'OUEST-DE-L'ÎLE,Laval,45.55889892578125,-73.83740234375
51233856,CENTRE DE RÉADAPTATION EN DÉFICIENCE INTELLECTUELLE ET EN TROUBLES DU SPECTRE DE L'AUTISME DE SAINTE-CLAIRE,Sainte-Claire,46.60029983520508,-70.85890197753906
51233898,CENTRE DE RÉADAPTATION EN DÉFICIENCE INTELLECTUELLE ET EN TROUBLES DU SPECTRE DE L'AUTISME NOTRE-DAME,Thetford Mines,46.11180114746094,-71.27330017089844
51233906,CENTRE DE RÉADAPTATION POUR LES JEUNES EN DIFFICULTÉ D'ADAPTATION ARTHUR-BUIES,Rimouski,48.44029998779297,-68.5114974975586
51233914,HÔPITAL DE L'ENFANT-JÉSUS,Québec,46.83720016479492,-71.22550201416016
51233930,CLSC DE MANIWAKI,Maniwaki,46.3838996887207,-75.9845962524414
51233948,CENTRE D'HÉBERGEMENT DU MANOIR-TRINITÉ,Longueuil,45.535400390625,-73.45939636230469
51233955,CENTRE DE RÉADAPTATION EN DÉFICIENCE INTELLECTUELLE ET EN TROUBLES DU SPECTRE DE L'AUTISME DES SANTOLINES,Québec,46.8932991027832,-71.29609680175781
51233989,HÔPITAL EN SANTÉ MENTALE PIERRE-JANET,Gatineau,45.42530059814453,-75.73989868164062
51233997,CENTRE D'HÉBERGEMENT ET DE SOINS DE LONGUE DURÉE SAINT-JUDE,Laval,45.547000885009766,-73.7677001953125
51234003,CENTRE D'HÉBERGEMENT ST-VINCENT-MARIE,Montréal,45.5176010131836,-73.67919921875
51234011,ATELIER TACHE,Rimouski,48.46839904785156,-68.50650024414062
51234037,CLSC CHANOINE-CHAMBERLAND,Trois-Rivières,46.33399963378906,-72.5593032836914
51234045,CENTRE DE RÉADAPTATION EN DÉFICIENCE PHYSIQUE SIGEFROID-BOYER,Saint-Jérôme,45.77280044555664,-74.00700378417969
51234078,CLSC DE PORTNEUF,Portneuf,46.71020126342773,-71.88829803466797
51234086,CENTRE DE SERVICES AMBULATOIRES ET DE RÉADAPTATION POUR LES MÈRES ET LEURS ENFANTS VILLA-MARIA,Sherbrooke,45.40549850463867,-71.9052963256836
51234094,CENTRE DE PROTECTION ET DE RÉADAPTATION POUR LES JEUNES EN DIFFICULTÉ D'ADAPTATION DE MEMPHRÉMAGOG,Magog,45.265098571777344,-72.14510345458984
51234102,ATELIER DU VAL-SAINT-FRANÇOIS,Windsor,45.56570053100586,-72.01370239257812
51234110,CENTRE D'ACTIVITÉS DE JOUR DE MAGOG,Magog,45.26290130615234,-72.12480163574219
51234128,CENTRE D'ACTIVITÉS DE JOUR DU HAUT-SAINT-FRANÇOIS,East Angus,45.48320007324219,-71.65409851074219
51234136,CENTRE D'ACTIVITÉS DE JOUR DU VAL-SAINT-FRANÇOIS,Windsor,45.56990051269531,-72.00289916992188
51234144,CENTRE D'ACTIVITÉS DE JOUR DE DIXVILLE,Dixville,45.06729888916016,-71.77130126953125
51234151,CENTRE D'HÉBERGEMENT ST-JEAN-EUDES,Québec,46.85049819946289,-71.2594985961914
51234169,CENTRE DE RÉADAPTATION EN DÉPENDANCE DE SAINT-PHILIPPE / SAINT-PHILIPPE ADDICTION READAPTATION CENTRE,Saint-Philippe,45.35419845581055,-73.47760009765625
51234177,CLSC DE PIEDMONT,Piedmont,45.88840103149414,-74.14510345458984
51234185,CENTRE DE RÉADAPTATION EN DÉPENDANCE DU BOULEVARD COUSINEAU,Longueuil,45.50350189208984,-73.42759704589844
51234193,CENTRE DE RÉADAPTATION EN DÉPENDANCE DE L'OUTAOUAIS,Gatineau,45.422401428222656,-75.74829864501953
51234219,SERVICES EXTERNES ET D'AIDES TECHNIQUES DE MEMPHRÉMAGOG,Magog,45.265098571777344,-72.14510345458984
51234235,HÔPITAL CATHERINE-BOOTH,Montréal,45.46390151977539,-73.6355972290039
51234276,CENTRE DE RÉADAPTATION EN DÉPENDANCE DE VICTORIAVILLE,Victoriaville,46.06489944458008,-71.96150207519531
51234284,CHSLD DE LA BELLE-RIVE,Montréal,45.61360168457031,-73.63569641113281
51234292,CENTRE D'HÉBERGEMENT DE SAINTE-THÉRÈSE,Sainte-Thérèse,45.649200439453125,-73.84089660644531
51234300,CENTRE D'HÉBERGEMENT CHAMPLAIN-DE-GOUIN,Montréal,45.59960174560547,-73.63999938964844
51234318,CHSLD EUDORE-LABRIE,Les Îles-de-la-Madeleine,47.37570190429688,-61.86759948730469
51234342,CENTRE DE PROTECTION ET DE RÉADAPTATION POUR LES JEUNES EN DIFFICULTÉ D'ADAPTATION DE CHIBOUGAMAU,Chibougamau,49.91389846801758,-74.35549926757812
51234359,CENTRE DE RÉADAPTATION EN DÉPENDANCE DU NOUVEAU DÉPART,Mont-Royal,45.52230072021485,-73.62239837646484
51234367,CLSC DE MOFFET,Moffet,47.54330062866211,-78.9520034790039
51234375,CLSC DE NOTRE-DAME-DU-NORD,Notre-Dame-du-Nord,47.59439849853516,-79.4833984375
51234383,CENTRE D'ACTIVITÉS DE JOUR ALTERNATIVE,Kirkland,45.45050048828125,-73.84369659423828
51234391,CENTRE D'ACTIVITÉS DE JOUR CARTIER,Pointe-Claire,45.43769836425781,-73.82640075683594
51234409,SERVICES EXTERNES POUR LES JEUNES EN DIFFICULTÉ D'ADAPTATION DE GRANBY,Granby,45.40060043334961,-72.73100280761719
51234417,FOYER DE GROUPE POUR LES JEUNES EN DIFFICULTÉ D'ADAPTATION LE VOILIER,Saint-Hyacinthe,45.62229919433594,-72.96150207519531
51234425,FOYER DE GROUPE POUR LES JEUNES EN DIFFICULTÉ D'ADAPTATION L'ORCHIDÉE,Saint-Hyacinthe,45.62200164794922,-72.9614028930664
51234433,CENTRE DE RÉADAPTATION EN DÉFICIENCE INTELLECTUELLE ET EN TROUBLES DU SPECTRE DE L’AUTISME DE ROUYN-NORANDA,Rouyn-Noranda,48.235599517822266,-79.018798828125
51234441,CENTRE DE PROTECTION DE L'ENFANCE ET DE LA JEUNESSE DE QUÉBEC,Québec,46.85490036010742,-71.41590118408203
51234458,MAISON LE PETIT BLANCHON,Québec,46.81700134277344,-71.30909729003906
51234466,CHSLD DE SAINTE-CATHERINE,Sainte-Catherine,45.400299072265625,-73.54340362548828
51234482,CLSC DE BROMONT,Bromont,45.32329940795898,-72.64640045166016
51234490,CLSC DE L'ÉTABLISSEMENT-DE-DÉTENTION,Saint-Jérôme,45.80070114135742,-74.0177001953125
51234516,CHSLD DE LAVAL,Laval,45.570899963378906,-73.7666015625
51234524,CHSLD DE GRANBY,Granby,45.407501220703125,-72.76219940185547
51234532,CLSC ET CENTRE DE PROTECTION DE L'ENFANCE ET DE LA JEUNESSE DE SENNETERRE,Senneterre,48.38990020751953,-77.23690032958984
51234540,CLSC DE CADILLAC,Rouyn-Noranda,48.22380065917969,-78.38390350341797
51234557,CLSC DE CLÉRICY,Rouyn-Noranda,48.36399841308594,-78.86270141601562
51234565,CLSC DE MONTBEILLARD,Rouyn-Noranda,48.04570007324219,-79.25959777832031
51234573,CLSC DE DESTOR,Rouyn-Noranda,48.45970153808594,-78.95580291748047
51234581,CLSC DE LAFORCE,Laforce,47.536598205566406,-78.7249984741211
51234599,CLSC DE BELLETERRE,Belleterre,47.38930130004883,-78.70349884033203
51234607,CLSC DE LATULIPE,Latulipe-et-Gaboury,47.42940139770508,-79.03189849853516
51234615,CHSLD ANGUS,Montréal,45.54650115966797,-73.56060028076172
51234680,CLSC DE L'ISLE-VERTE,L'Isle-Verte,48.01470184326172,-69.33679962158203
51234698,CLSC DE BENNY FARM,Montréal,45.46549987792969,-73.63140106201172
51234730,CENTRE DE RÉADAPTATION EN DÉFICIENCE INTELLECTUELLE ET EN TROUBLES DU SPECTRE DE L'AUTISME DE SAINT-EUSTACHE,Saint-Eustache,45.57600021362305,-73.86160278320312
51234755,CLSC ET GROUPE DE MÉDECINE DE FAMILLE UNIVERSITAIRE DE SAINT-POLYCARPE,Saint-Polycarpe,45.30039978027344,-74.29900360107422
51234763,CHSLD GÉRARD-HARBEC,Farnham,45.28710174560547,-72.97200012207031
51234771,CENTRE DE RÉADAPTATION EN DÉPENDANCE DE LAVAL,Laval,45.55390167236328,-73.69999694824219
51234789,CENTRE D'HÉBERGEMENT DE LA COLLINE,Saguenay,48.45000076293945,-71.07620239257812
51234821,CLSC DE VARENNES,Varennes,45.67959976196289,-73.43840026855469
51234839,CLSC DE SAINT-AMABLE,Saint-Amable,45.64350128173828,-73.30690002441406
51234847,CHSLD ARGYLE - SAINT-LAMBERT,Saint-Lambert,45.50149917602539,-73.51470184326172
51234854,CHSLD DES MOULINS,Terrebonne,45.687198638916016,-73.72859954833984
51234862,CHSLD ÉMILE-MCDUFF,Repentigny,45.78799819946289,-73.40760040283203
51234870,CENTRE DE RÉADAPTATION EN DÉFICIENCE INTELLECTUELLE ET EN TROUBLES DU SPECTRE DE L'AUTISME DE LA BAIE,Saguenay,48.31629943847656,-70.85530090332031
51234938,CENTRE MULTISERVICES DE SANTÉ ET DE SERVICES SOCIAUX RIVIÈRE-DES-PRAIRIES,Montréal,45.62310028076172,-73.61139678955078
51234995,CENTRE DE SERVICES AMBULATOIRES ET GROUPE DE MÉDECINE DE FAMILLE UNIVERSITAIRE JARDINS-ROUSSILLON,Châteauguay,45.344200134277344,-73.76409912109375
51235018,CENTRE DE RÉADAPTATION EN DÉPENDANCE DE LA HAUTE-GASPÉSIE,Sainte-Anne-des-Monts,49.11869812011719,-66.48500061035156
51235026,CLSC DE MARSOUI,Marsoui,49.21500015258789,-66.06700134277344
51235034,CENTRE DE PROTECTION ET DE RÉADAPTATION DES ESCOUMINS,Les Escoumins,48.32270050048828,-69.41940307617188
51235042,CENTRE DE PROTECTION DE L'ENFANCE ET DE LA JEUNESSE DE FORESTVILLE,Forestville,48.74029922485352,-69.07969665527344
51235075,CHSLD DE SAINT-JEAN-SUR-RICHELIEU,Saint-Jean-sur-Richelieu,45.31159973144531,-73.2614974975586
51235083,FOYER DE GROUPE POUR LES JEUNES EN DIFFICULTÉ D'ADAPTATION D'AHUNTSIC,Montréal,45.576698303222656,-73.64119720458984
51235091,CLSC ROBINSON-SUD,Granby,45.40480041503906,-72.74400329589844
51235109,CHSLD KASTNER,Montréal,45.49420166015625,-73.63259887695312
51235117,CHSLD HOPE,Montréal,45.49300003051758,-73.63379669189453
51235125,GROUPE DE MÉDECINE DE FAMILLE UNIVERSITAIRE DE DRUMMONDVILLE,Drummondville,45.87620162963867,-72.48200225830078
51235141,CENTRE DE SANTÉ INUULITSIVIK,Puvirnituq,60.03770065307617,-77.27580261230469
51235158,CENTRE DE PROTECTION DE L'ENFANCE ET DE LA JEUNESSE INUULITSIVIK,Puvirnituq,60.03770065307617,-77.27580261230469
51235166,CENTRE MULTISERVICES DE SANTÉ ET DE SERVICES SOCIAUX DE PLESSISVILLE,Plessisville,46.21630096435547,-71.7738037109375
51235174,CENTRE D'HÉBERGEMENT DE PLESSISVILLE,Plessisville,46.216400146484375,-71.77850341796875
51235190,HÔPITAL DOUGLAS,Montréal,45.44210052490234,-73.58439636230469
51235208,CENTRE DE SERVICES AMBULATOIRES DE SOINS PSYCHIATRIQUES CRAWFORD,Montréal,45.43939971923828,-73.5813980102539
51235216,CENTRE DE SERVICES AMBULATOIRES DE SOINS PSYCHIATRIQUES WELLINGTON,Montréal,45.456298828125,-73.56729888916016
51235224,FOYER DE GROUPE POUR LES JEUNES EN DIFFICULTÉ D'ADAPTATION DE SAINTE-FOY,Québec,46.79209899902344,-71.26129913330078
51235232,CENTRE DE RÉADAPTATION EN DÉFICIENCE INTELLECTUELLE ET EN TROUBLES DU SPECTRE DE L'AUTISME DE SAINTE-MARIE,Sainte-Marie,46.453399658203125,-71.03399658203125
51235257,CENTRE D'ACCUEIL LE PROGRAMME DE PORTAGE,Prévost,45.87929916381836,-74.01210021972656
51235273,CHSLD DU PONTIAC,Shawville,45.6057014465332,-76.48519897460938
51235299,PAVILLON FERNAND-SÉGUIN,Montréal,45.58620071411133,-73.52729797363281
51235307,INSTITUT UNIVERSITAIRE EN SANTÉ MENTALE DE MONTRÉAL,Montréal,45.588600158691406,-73.52899932861328
51235323,CENTRE DE PROTECTION ET DE RÉADAPTATION POUR LES JEUNES ET LES MÈRES EN DIFFICULTÉ D'ADAPTATION DE BÉCANCOUR,Bécancour,46.32820129394531,-72.5071029663086
51235331,CENTRE DE SERVICES AMBULATOIRES EN SANTÉ MENTALE ET DE RÉADAPTATION EN DÉPENDANCE DE LA RUE DE L'ÉGLISE,Salaberry-de-Valleyfield,45.25519943237305,-74.13480377197266
51235356,FOYER DE GROUPE DE KUUJJUARAAPIK,Kuujjuarapik,55.27569961547852,-77.76509857177734
51235364,FOYER DE GROUPE DE KUUJJUAQ,Kuujjuaq,58.10699844360352,-68.4052963256836
51235380,CENTRE DE PROTECTION ET DE RÉADAPTATION POUR LES JEUNES EN DIFFICULTÉ D'ADAPTATION DE SAINT-ROMUALD,Lévis,46.73210144042969,-71.2666015625
51235398,MAISON DE NAISSANCE DU FJORD-AU-LAC,Saguenay,48.42699813842773,-71.05059814453125
51235406,HÔPITAL GLEN,Montréal,45.4734001159668,-73.60089874267578
51235414,CENTRE DE SERVICES AMBULATOIRES ET CLSC DE L'OASIS,Gatineau,45.49330139160156,-75.6886978149414
51235422,CENTRE D'ACCEUIL LE PROGRAMME DE PORTAGE,Pointe-Claire,45.46900177001953,-73.82839965820312
51235430,HÔPITAL DE CHISASIBI,Chisasibi,53.78379821777344,-78.8915023803711
51235448,CMC WHAPMAGOOSTUI,Whapmagoostui,55.27750015258789,-77.75879669189453
51235455,UNITÉ DE VIE MISTISSINI,Mistissini,50.41490173339844,-73.86270141601562
51235463,CMC WEMINDJI,Wemindji,53.00569915771485,-78.8145980834961
51235471,CMC EASTMAIN,Eastmain,52.24330139160156,-78.50260162353516
51235489,CMC MISTISSINI,Mistissini,50.41329956054688,-73.86589813232422
51235497,CMC WASWANIPI,Waswanipi,49.69269943237305,-75.96320343017578
51235505,CMC NEMASKA,Nemaska,51.68529891967773,-76.25579833984375
51235513,CMC WASKAGANISH,Waskaganish,51.485198974609375,-78.74199676513672
51235521,FOYER DE GROUPE UPAACHIKUSH,Mistissini,50.41619873046875,-73.87830352783203
51235539,FOYER DE GROUPE WEESAPOU,Chisasibi,53.78219985961914,-78.89800262451172
51235547,MSDC CHISASIBI,Chisasibi,53.77629852294922,-78.88050079345703
51235554,MSDC EASTMAIN,Eastmain,52.24309921264648,-78.50160217285156
51235562,MSDC MISTISSINI,Mistissini,50.41270065307617,-73.86620330810547
51235570,MSDC NEMASKA,Nemaska,51.67770004272461,-76.25890350341797
51235588,MSDC WASKAGANISH,Waskaganish,51.48830032348633,-78.74620056152344
51235596,MSDC WASWANIPI,Waswanipi,49.69260025024414,-75.9623031616211
51235604,MSDC WEMINDJI,Wemindji,52.999000549316406,-78.81279754638672
51235612,MSDC WHAPMAGOOSTUI,Whapmagoostui,55.27799987792969,-77.76129913330078
51235620,MSDC OUJE-BOUGOUMOU,Oujé-Bougoumou,49.92219924926758,-74.82530212402344
51235638,CENTRE DE SERVICES AMBULATOIRES DE MAISONNEUVE,Montréal,45.4734001159668,-73.60459899902344
51235646,QULLIQ,Inukjuak,58.462501525878906,-78.10479736328125
51235653,CENTRE DE SERVICES AMBULATOIRES DE DIALYSE DE LA RUE DE GASPÉ,Montréal,45.52750015258789,-73.59639739990234
51235661,GROUPE DE MÉDECINE DE FAMILLE UNIVERSITAIRE LA POMMERAIE,Cowansville,45.19129943847656,-72.75350189208984
51235703,HÔPITAL SHRINERS POUR ENFANTS (QUÉBEC),Montréal,45.4718017578125,-73.60199737548828
51235711,CLSC DU CENTRE-DE-LA-MAURICIE,Shawinigan,46.5526008605957,-72.74759674072266
51235729,FOYER DE GROUPE POUR LES JEUNES EN DIFFICULTÉ D'ADAPTATION CHAMBORD,Montréal,45.55270004272461,-73.54959869384766
51235737,GROUPE DE MÉDECINE DE FAMILLE UNIVERSITAIRE NOTRE-DAME,Montréal,45.53099822998047,-73.5625991821289
51235745,CENTRE D'ACTIVITÉS DE JOUR EN DÉFICIENCE INTELLECTUELLE ET EN TROUBLES DU SPECTRE DE L'AUTISME DE SAINT-SAUVEUR,Saint-Sauveur,45.88970184326172,-74.16280364990234
51235786,CLSC SAINT-ANTOINE,Saint-Jérôme,45.76340103149414,-73.99629974365234
51235794,CLSC DE SAINTE-AGATHE-DES-MONTS,Sainte-Agathe-des-Monts,46.04949951171875,-74.28900146484375
51235802,CLSC ET CENTRE DE SERVICES AMBULATOIRES EN PÉDOPSYCHIATRIE DE LA RUE MARY,Lachute,45.65250015258789,-74.339599609375
51235810,CENTRE DE SERVICES AMBULATOIRES EN SANTÉ MENTALE DE SAINT-EUSTACHE,Saint-Eustache,45.56880187988281,-73.88800048828125
51235828,GROUPE DE MÉDECINE DE FAMILLE UNIVERSITAIRE DE SAINT-EUSTACHE,Saint-Eustache,45.570499420166016,-73.9207992553711
51235836,CENTRE DE SERVICES AMBULATOIRES DU BOULEVARD INDUSTRIEL,Saint-Eustache,45.57170104980469,-73.91619873046875
51235844,CENTRE DE RÉADAPTATION EN DÉPENDANCE SAINT-ANTOINE,Saint-Jérôme,45.76399993896485,-73.99729919433594
51235851,CENTRE DE RÉADAPTATION EN DÉFICIENCE PHYSIQUE BOULEVARD CARTIER,Laval,45.543701171875,-73.72339630126953
51235869,FOYER DE GROUPE 15E RUE,Laval,45.55609893798828,-73.69529724121094
51235877,CENTRE DE RÉADAPTATION EN DÉPENDANCE BIENVILLE,Laval,45.65409851074219,-73.74829864501953
51235885,CENTRE DE PROTECTION DE L'ENFANCE ET DE LA JEUNESSE AVENUE LAVAL,Laval,45.55490112304688,-73.70850372314453
51235893,CENTRE MULTISERVICES DE SANTÉ ET DE SERVICES SOCIAUX DE VAUDREUIL-DORION,Vaudreuil-Dorion,45.39390182495117,-74.05390167236328
51235901,CLSC DE SAINT-CÉSAIRE,Saint-Césaire,45.40890121459961,-73.00299835205078
51235919,HÔPITAL SANTA CABRINI,Montréal,45.5801010131836,-73.57170104980469
51235927,CENTRE DE SERVICES AMBULATOIRES ET CLSC DU RICHELIEU,Richelieu,45.43769836425781,-73.24500274658203
51235950,CENTRE D'ACCUEIL LE PROGRAMME DE PORTAGE,Québec,46.812801361083984,-71.22949981689453
51235968,FOYER DE GROUPE POUR LES JEUNES EN DIFFICULTÉ D'ADAPTATION DE SAINT-GABRIEL-DE-VALCARTIER,Saint-Gabriel-de-Valcartier,46.94670104980469,-71.48629760742188
51235976,MAISON DE NAISSANCE JEANNE-MANCE,Montréal,45.526100158691406,-73.55870056152344
51235984,CLSC DE GODBOUT,Godbout,49.319801330566406,-67.59860229492188
51235992,CLSC DE FRANQUELIN,Franquelin,49.292701721191406,-67.90270233154297
51236008,CLSC DE BLANC-SABLON,Blanc-Sablon,51.41249847412109,-57.20309829711914
51236016,CLSC ET CENTRE DE RÉADAPTATION EN DÉPENDANCE DE VAL-D'OR,Val-d'Or,48.0968017578125,-77.79720306396484
51236024,CENTRE DE RÉADAPTATION EN DÉFICIENCE PHYSIQUE MAB,Montréal,45.45909881591797,-73.63580322265625
51236032,CENTRE DE RÉADAPTATION EN DÉFICIENCE PHYSIQUE MACKAY,Montréal,45.47520065307617,-73.61190032958984
51236057,CLSC DE SACRÉ-COEUR,Sacré-Coeur,48.2317008972168,-69.80010223388672
51236073,GROUPE DE MÉDECINE DE FAMILLE UNIVERSITAIRE DE LÉVIS,Lévis,46.73540115356445,-71.26349639892578
51236081,CENTRE DE SERVICES AMBULATOIRES BOIS-DE-BOULOGNE,Montréal,45.53760147094727,-73.67970275878906
51236107,CENTRE DE SERVICES AMBULATOIRES EN GÉRONTOPSYCHIATRIE GRENET,Montréal,45.52989959716797,-73.71379852294922
51236131,CHSLD AU CŒUR-DE-LA-VIE,Saint-Jérôme,45.77750015258789,-74.01439666748047
51236149,CENTRE D'ACTIVITÉS DE JOUR EN DÉFICIENCE INTELLECTUELLE ET EN TROUBLES DU SPECTRE DE L'AUTISME 17E AVENUE,Montréal,45.566200256347656,-73.60150146484375
51236156,CENTRE MULTISERVICES DE SANTÉ ET DE SERVICES SOCIAUX DE TROIS-PISTOLES,Trois-Pistoles,48.1327018737793,-69.1593017578125
51236164,GROUPE DE MÉDECINE DE FAMILLE UNIVERSITAIRE RICHELIEU-YAMASKA,Saint-Hyacinthe,45.63679885864258,-72.96009826660156
51236172,CENTRE MULTISERVICES DE SANTÉ ET DE SERVICES SOCIAUX SAINT-JOSEPH,Trois-Rivières,46.34709930419922,-72.54650115966797
51236180,GROUPE DE MÉDECINE DE FAMILLE UNIVERSITAIRE SACRÉ-CŒUR,Montréal,45.53760147094727,-73.67970275878906
51236198,CENTRE MULTISERVICES DE SANTÉ ET DE SERVICES SOCIAUX DE MONT-LAURIER,Mont-Laurier,46.556400299072266,-75.49490356445312
51236206,CLSC SAINTE-CATHERINE ET GROUPE DE MÉDECINE DE FAMILLE UNIVERSITAIRE DES FAUBOURGS,Montréal,45.510501861572266,-73.56269836425781
51236214,GROUPE DE MÉDECINE DE FAMILLE UNIVERSITAIRE DE VERDUN,Montréal,45.4640998840332,-73.56400299072266
51236222,GROUPE DE MÉDECINE DE FAMILLE UNIVERSITAIRE DE LA VALLÉE-DE-L’OR,Val-d'Or,48.09529876708984,-77.79560089111328
51236230,CENTRE DE SERVICES AMBULATOIRES ET GROUPE DE MÉDECINE DE FAMILLE UNIVERSITAIRE CHARLES-LE MOYNE,Saint-Lambert,45.493499755859375,-73.50240325927734
51236248,CENTRE DE SERVICES AMBULATOIRES ET GROUPE DE MÉDECINE DE FAMILLE UNIVERSITAIRE DE SAINT-JEAN-SUR-RICHELIEU,Saint-Jean-sur-Richelieu,45.3400993347168,-73.28410339355469
51236255,CENTRE MULTISERVICES DE SANTÉ ET DE SERVICES SOCIAUX DE GASPÉ,Gaspé,48.81269836425781,-64.49530029296875
51236263,GROUPE DE MÉDECINE DE FAMILLE UNIVERSITAIRE ET CENTRE DE SERVICES AMBULATOIRES DE ST. MARY,Montréal,45.494998931884766,-73.6238021850586
51236271,CENTRE MULTISERVICES DE SANTÉ ET DE SERVICES SOCIAUX DE ROUYN-NORANDA,Rouyn-Noranda,48.24380111694336,-79.02059936523438
51236289,CENTRE D'HÉBERGEMENT DE BAIE-SAINT-PAUL,Baie-Saint-Paul,47.43939971923828,-70.51190185546875
51236297,CENTRE HOSPITALIER DE L'UNIVERSITÉ DE MONTRÉAL,Montréal,45.51179885864258,-73.5562973022461
51236305,CHSLD DES BERGES-DE-LACHINE,Montréal,45.43510055541992,-73.69309997558594
51236313,HÔPITAL NOTRE-DAME,Montréal,45.52539825439453,-73.5635986328125
51236321,PAVILLON ÉDOUARD-ASSELIN,Montréal,45.51110076904297,-73.55860137939453
51236339,CENTRE DE RECHERCHE DU CENTRE HOSPITALIER DE L'UNIVERSITÉ DE MONTRÉAL,Montréal,45.51079940795898,-73.55590057373047
51236347,CHSLD DE CHAUFFAILLES,Rivière-du-Loup,47.81719970703125,-69.53910064697266
51236370,CHSLD DES SEIGNEURS,Boucherville,45.60760116577149,-73.4542007446289
51236388,CHSLD LOUISE-FAUBERT,Saint-Jérôme,45.76250076293945,-74.00160217285156
51236396,CHSLD DE SAINT-JÉRÔME,Saint-Jérôme,45.766700744628906,-74.00340270996094
51236412,CENTRE DE SERVICES AMBULATOIRES EN SANTÉ MENTALE DE LONGUEUIL,Longueuil,45.52270126342773,-73.52050018310547
51243202,CENTRE DE RÉADAPTATION EN DÉFICIENCE INTELLECTUELLE ET EN TROUBLES DU SPECTRE DE L'AUTISME GARRY-TAYLOR,Beaconsfield,45.43280029296875,-73.86039733886719
51244747,CENTRE DE PROTECTION DE L'ENFANCE ET DE LA JEUNESSE ET CLSC DE QUÉBEC,Québec,46.77149963378906,-71.29609680175781
51244754,CLSC ÎLE-DES-SŒURS,Montréal,45.46849822998047,-73.54570007324219
51244762,CENTRE DE SERVICES AMBULATOIRES DE SAINT-EUSTACHE,Saint-Eustache,45.56069946289063,-73.93109893798828
51244770,CHSLD MARGUERITE-ROCHELEAU,Longueuil,45.47710037231445,-73.38249969482422
51244788,CHSLD MICHÈLE-BOHEC,Blainville,45.67729949951172,-73.90640258789062
51244796,CENTRE MULTISERVICES DE SANTÉ ET DE SERVICES SOCIAUX BOIVIN,Baie-Saint-Paul,47.44189834594727,-70.50789642333984
51244804,CENTRE MULTISERVICES DE SANTÉ ET DE SERVICES SOCIAUX DE BAIE-SAINT-PAUL,Baie-Saint-Paul,47.43980026245117,-70.51210021972656
51244812,CENTRE DE SERVICES AMBULATOIRES DE GREENFIELD PARK,Longueuil,45.48189926147461,-73.4657974243164
51244820,CENTRE DE RÉADAPTATION EN DÉFICIENCE PHYSIQUE DE BOUCHERVILLE,Boucherville,45.60760116577149,-73.4542007446289
51244945,HÔPITAL DE LANAUDIÈRE ET CENTRE D'HÉBERGEMENT PARPHILIA-FERLAND,Saint-Charles-Borromée,46.03929901123047,-73.45700073242188
51244952,CENTRE D'HÉBERGEMENT ET DE RÉADAPTATION EN DÉFICIENCE PHYSIQUE DE L'ASSOMPTION,L'Assomption,45.82500076293945,-73.42539978027344
51244960,CENTRE DE SERVICES AMBULATOIRES EN SANTÉ MENTALE DE CHARLEMAGNE,Charlemagne,45.721099853515625,-73.4896011352539
51244978,CENTRE MULTISERVICES DE SANTÉ ET DE SERVICES SOCIAUX DE SAINT-JEAN-DE-MATHA,Saint-Jean-de-Matha,46.22520065307617,-73.52490234375
51244986,CLSC ET CENTRE DE RÉADAPTATION EN DÉFICIENCE INTELLECTUELLE ET EN TROUBLES DU SPECTRE DE L'AUTISME DE SAINT-GABRIEL-DE-BRANDON,Saint-Gabriel-de-Brandon,46.292598724365234,-73.3843002319336
51244994,CENTRE DE RÉADAPTATION EN DÉFICIENCE PHYSIQUE ET DE PROTECTION DE L'ENFANCE ET DE LA JEUNESSE DE REPENTIGNY,Repentigny,45.75429916381836,-73.44020080566406
51245009,CLSC DE LA PINIÈRE,Terrebonne,45.72299957275391,-73.68689727783203
51245017,CENTRE DE RÉADAPTATION POUR LES JEUNES EN DIFFICULTÉ D'ADAPTATION DE REPENTIGNY,Repentigny,45.740699768066406,-73.44609832763672
51245025,CHSLD BORÉAL,Chibougamau,49.91400146484375,-74.34989929199219
51245033,AIRE OUVERTE DE SEPT-ÎLES,Sept-Îles,50.2130012512207,-66.37750244140625
51245041,CHSLD SYLVIE-LESPÉRANCE,Saint-Charles-Borromée,46.0359001159668,-73.45890045166016
51245058,CENTRE MULTISERVICES DE SANTÉ ET DE SERVICES SOCIAUX DE MANSFIELD-ET-PONTEFRACT,Mansfield-et-Pontefract,45.84749984741211,-76.72969818115234
51245066,CENTRE DE RÉADAPTATION POUR LES JEUNES EN DIFFICULTÉ D'ADAPTATION FREEMAN,Gatineau,45.4723014831543,-75.74330139160156
51245074,CENTRE MULTISERVICES DE SANTÉ ET DE SERVICES SOCIAUX DE SAINT-ANDRÉ-AVELLIN,Saint-André-Avellin,45.72249984741211,-75.05850219726562
51245082,CENTRE MULTISERVICES DE SANTÉ ET DE SERVICES SOCIAUX DE LA PÊCHE,La Pêche,45.6416015625,-76.04000091552734
51245090,CENTRE DE SERVICES EXTERNES POUR LES AÎNÉS DE GATINEAU,Gatineau,45.49319839477539,-75.6771011352539
51245108,CENTRE MULTISERVICES DE SANTÉ ET DE SERVICES SOCIAUX DE FERMONT,Fermont,52.79669952392578,-67.09040069580078
51245116,CENTRE MULTISERVICES DE SANTÉ ET DE SERVICES SOCIAUX DE LA MINGANIE,Havre-Saint-Pierre,50.237701416015625,-63.60469818115234
51245124,CHSLD ET CENTRE DE RÉADAPTATION EN DÉPENDANCE N.-A.-LABRIE,Baie-Comeau,49.18899917602539,-68.26229858398438
51245132,CENTRE MULTISERVICES DE SANTÉ ET DE SERVICES SOCIAUX DE PORT-CARTIER,Port-Cartier,50.02379989624024,-66.89399719238281
51245140,CENTRE MULTISERVICES DE SANTÉ ET DE SERVICES SOCIAUX DE LA BASSE-CÔTE-NORD,Blanc-Sablon,51.411598205566406,-57.20320129394531
51245157,CENTRE MULTISERVICES DE SANTÉ ET DE SERVICES SOCIAUX DE SEPT-ÎLES,Sept-Îles,50.21110153198242,-66.38279724121094
51245165,CLSC DE TADOUSSAC,Tadoussac,48.14350128173828,-69.71890258789062
51245173,CHSLD DE SEPT-ÎLES,Sept-Îles,50.210899353027344,-66.38330078125
51245181,CENTRE MULTISERVICES DE SANTÉ ET DE SERVICES SOCIAUX DE BEAUCEVILLE,Beauceville,46.20320129394531,-70.78690338134766
51245199,CHSLD ET HÔPITAL PAUL-GILBERT,Lévis,46.725399017333984,-71.2593994140625
51245207,CENTRE DE RÉADAPTATION EN DÉFICIENCE INTELLECTUELLE ET EN TROUBLES DU SPECTRE DE L'AUTISME ET EN DÉFICIENCE PHYSIQUE ANDRÉ-WINGEN,Montmagny,46.98759841918945,-70.54080200195312
51245215,CENTRE MULTISERVICES DE SANTÉ ET DE SERVICES SOCIAUX DE SAINT-GEORGES,Saint-Georges,46.128700256347656,-70.65399932861328
51245223,HÔPITAL DE MONTMAGNY,Montmagny,46.97639846801758,-70.5967025756836
51245231,HÔPITAL DE THETFORD,Thetford Mines,46.109500885009766,-71.27850341796875
51245249,CENTRE MULTISERVICES DE SANTÉ ET DE SERVICES SOCIAUX DE LÉVIS,Lévis,46.81340026855469,-71.17669677734375
51245256,CENTRE MULTISERVICES DE SANTÉ ET DE SERVICES SOCIAUX DONAT-GRENIER,Thetford Mines,46.1077995300293,-71.27970123291016
51245264,CENTRE MULTISERVICES DE SANTÉ ET DE SERVICES SOCIAUX MONSEIGNEUR-BOURGET,Lévis,46.81769943237305,-71.15689849853516
51245272,CENTRE DE PROTECTION DE L'ENFANCE ET DE LA JEUNESSE DE SAINTE-MARIE,Sainte-Marie,46.46480178833008,-71.04519653320312
51245280,CLSC ET CENTRE DE SERVICES AMBULATOIRES BELVÉDÈRE,Sherbrooke,45.38999938964844,-71.89649963378906
51245306,CENTRE MULTISERVICES DE SANTÉ ET DE SERVICES SOCIAUX D'ARGENTEUIL,Lachute,45.66189956665039,-74.35209655761719
51245314,CENTRE D'HÉBERGEMENT ET DE SOINS DE LONGUE DURÉE L.-B.-DESJARDINS,Saint-Sauveur,45.889198303222656,-74.15699768066406
51245322,CHSLD DES PATRIOTES,Saint-Eustache,45.58209991455078,-73.92130279541016
51245355,FOYER DE GROUPE EN DÉFICIENCE PHYSIQUE DE LONGUEUIL,Longueuil,45.54180145263672,-73.50270080566406
51245389,FOYER DE GROUPE POUR LES JEUNES EN DIFFICULTÉ D'ADAPTATION DU PARC,Longueuil,45.569801330566406,-73.48059844970703
51245413,CHSLD DE BLAINVILLE,Blainville,45.676700592041016,-73.9052963256836
51245421,CHSLD DE SAINTE-ADÈLE,Sainte-Adèle,45.934200286865234,-74.13580322265625
51245439,CLSC COUSINEAU,Longueuil,45.49729919433594,-73.40910339355469
51245447,CENTRE DE SERVICES AMBULATOIRES DE BOISBRIAND,Boisbriand,45.6416015625,-73.86810302734375
51245470,CLSC ET CENTRE DE RÉADAPTATION EN DÉFICIENCE PHYSIQUE DE LA POINTE,Shawinigan,46.53760147094727,-72.74520111083984
51245488,CENTRE DE RÉADAPTATION EN DÉFICIENCE PHYSIQUE SAINTE-MARGUERITE,Trois-Rivières,46.34450149536133,-72.57710266113281
51245496,FOYER DE GROUPE POUR LES JEUNES EN DIFFICULTÉ D'ADAPTATION ARCAND,Trois-Rivières,46.36909866333008,-72.52629852294922
51245520,CENTRE DE SERVICES AMBULATOIRES DE LA RUE BEAUREGARD,Longueuil,45.510501861572266,-73.48729705810547
51245538,CENTRE DE SERVICES AMBULATOIRES EN SANTÉ MENTALE DE LA RUE LABONTÉ,Longueuil,45.53400039672852,-73.51129913330078
51245546,CENTRE DE SERVICES AMBULATOIRES EN SANTÉ MENTALE DU BOULEVARD TASCHEREAU,Longueuil,45.49990081787109,-73.48760223388672
51245553,CENTRE DE SERVICES AMBULATOIRES EN SANTÉ MENTALE DE L'AVENUE VICTORIA,Longueuil,45.48989868164063,-73.49250030517578
51245561,CLSC DE SAINTE-ANNE-DES-PLAINES,Sainte-Anne-des-Plaines,45.76729965209961,-73.81500244140625
51245579,AIRE OUVERTE SAURIOL,Montréal,45.570899963378906,-73.64779663085938
51245587,CENTRE D'ACTIVITÉS DE JOUR EN DÉFICIENCE INTELLECTUELLE ET EN TROUBLES DU SPECTRE DE L'AUTISME DE ROSEMÈRE,Rosemère,45.624698638916016,-73.80130004882812
51245629,MAISON DE NAISSANCE ANNE-COURTEMANCHE,Montréal,45.61180114746094,-73.527099609375
51245660,CHSLD SOULANGES,Coteau-du-Lac,45.29359817504883,-74.18190002441406
51245678,HÔPITAL DE JOUR GÉRIATRIQUE DE LA RUE NORMAND,Saint-Jean-sur-Richelieu,45.33879852294922,-73.2697982788086
51245694,CHSLD ARGYLE - POINTE-CLAIRE,Pointe-Claire,45.45209884643555,-73.83580017089844
51245702,CHSLD ARGYLE - LONGUEUIL,Longueuil,45.53730010986328,-73.46399688720703
51245710,CLSC ET CENTRE DE SERVICES AMBULATOIRES CHOMEDEY,Laval,45.54449844360352,-73.74099731445312
51245728,"CENTRE DE RÉADAPTATION EN DÉFICIENCE INTELLECTUELLE, EN TROUBLES DU SPECTRE DE L’AUTISME ET EN DÉFICIENCE PHYSIQUE DE NICOLET",Nicolet,46.23440170288086,-72.63500213623047
51245819,CENTRE DE PROTECTION ET DE RÉADAPTATION POUR LES JEUNES EN DIFFICULTÉ D'ADAPTATION VILLE-JOIE,Trois-Rivières,46.28210067749024,-72.67829895019531
51245991,"CENTRE DE RÉADAPTATION EN DÉFICIENCE INTELLECTUELLE, TROUBLES DU SPECTRE DE L'AUTISME ET EN DÉFICIENCE PHYSIQUE THÉRÈSE-MARTIN",Rivière-Ouelle,47.4551010131836,-70.00070190429688
51246015,HÔPITAL DU HAUT-RICHELIEU - CLINIQUE SUIVI DE GROSSESSE,Saint-Jean-sur-Richelieu,45.33829879760742,-73.2677001953125
51246106,CHSLD DE WENDAKE,Wendake,46.8651008605957,-71.3561019897461
51246114,UNITÉ BOMBARDIER (SNT),Sherbrooke,45.31629943847656,-72.02210235595703
51246122,MAISON DE NAISSANCE DE LANAUDIÈRE,Repentigny,45.78739929199219,-73.40709686279297
51246148,CENTRE DE RÉADAPTATION EN DÉFICIENCE PHYSIQUE DE LA RUE DANIEL-JOHNSON OUEST,Saint-Hyacinthe,45.62319946289063,-72.95279693603516
51246189,CENTRE DE SERVICES AMBULATOIRES DE SAINT-JÉRÔME,Saint-Jérôme,45.762001037597656,-74.0
51246221,CLSC DE SAINT-CALIXTE,Saint-Calixte,45.951698303222656,-73.84819793701172
51246262,CLSC DE MAGOG,Magog,45.276100158691406,-72.13040161132812
51246288,CLSC DU VILLAGE-DES-MONTS,Sainte-Agathe-des-Monts,46.04679870605469,-74.28209686279297
51246296,CENTRE MULTISERVICES DE SANTÉ ET DE SERVICES SOCIAUX COOKE,Trois-Rivières,46.34450149536133,-72.5770034790039
51246304,CENTRE MULTISERVICES DE SANTÉ ET DE SERVICES SOCIAUX DE SHAWINIGAN,Shawinigan,46.53760147094727,-72.75129699707031
51246312,AIRE OUVERTE DE BAIE-COMEAU,Baie-Comeau,49.19200134277344,-68.25849914550781
51246320,CENTRE MULTISERVICES DE SANTÉ ET DE SERVICES SOCIAUX SAINT-JEAN,Drummondville,45.87630081176758,-72.48280334472656
51246338,CENTRE MULTISERVICES DE SANTÉ ET DE SERVICES SOCIAUX CHRIST-ROI,Nicolet,46.23149871826172,-72.62650299072266
51246346,CENTRE MULTISERVICES DE SANTÉ ET DE SERVICES SOCIAUX COMTOIS,Louiseville,46.255001068115234,-72.95189666748047
51246361,CENTRE MULTISERVICES DE SANTÉ ET DE SERVICES SOCIAUX DE THÉRÈSE-DE BLAINVILLE,Sainte-Thérèse,45.64450073242188,-73.84030151367188
51246379,CENTRE MULTISERVICES DE SANTÉ ET DE SERVICES SOCIAUX DE BÉCANCOUR,Bécancour,46.39730072021485,-72.28350067138672
51246387,CENTRE MULTISERVICES DE SANTÉ ET DE SERVICES SOCIAUX DU PASSAGE,Trois-Rivières,46.370399475097656,-72.53839874267578
51246395,CLSC ET CENTRE DE RÉADAPTATION EN DÉPENDANCE DE SAINTE-GENEVIÈVE-DE-BATISCAN,Sainte-Geneviève-de-Batiscan,46.542598724365234,-72.34420013427734
51246403,CENTRE MULTISERVICES DE SANTÉ ET DE SERVICES SOCIAUX DE L'ÉRABLE,Plessisville,46.21599960327149,-71.7782974243164
51246411,CLSC - AIRE OUVERTE,Saguenay,48.405799865722656,-71.24549865722656
51246429,REFUGE POUR FEMMES - WASKAGANISH,Waskaganish,51.48139953613281,-78.7406005859375
51246437,REFUGE POUR FEMMES - WASWANIPI,Waswanipi,49.69240188598633,-75.9614028930664
51246445,CLSC KATERI 87B BOULEVARD MARIE-VICTORIN,Candiac,45.39810180664063,-73.52649688720703
51246452,CENTRE DE RÉADAPTATION EN DÉFICIENCE PHYSIQUE RAYMOND-DEWAR-LAURIER,Montréal,45.53929901123047,-73.57679748535156
51246460,CENTRE DE RÉADAPTATION EN DÉFICIENCE PHYSIQUE RAYMOND-DEWAR-RADISSON,Montréal,45.58879852294922,-73.54070281982422
51246478,CENTRE DE RÉADAPTATION EN DÉFICIENCE PHYSIQUE LUCIE-BRUNEAU-FULLUM,Montréal,45.54100036621094,-73.57730102539062
51246486,CENTRE DE RÉADAPTATION EN DÉFICIENCE INTELLECTUELLE ET EN TROUBLES DU SPECTRE DE L'AUTISME DE SHAWINIGAN-SUD,Shawinigan,46.52479934692383,-72.75489807128906
51246494,FOYER DE GROUPE POUR LES JEUNES EN DIFFICULTÉ D’ADAPTATION LA MADONE,Trois-Rivières,46.368900299072266,-72.5009994506836
51246502,CLSC DE SAINTE-BRIGITTE-DE-LAVAL,Sainte-Brigitte-de-Laval,47.00870132446289,-71.18730163574219
51246528,ULLURIAQ-BOYS,Montréal,45.47990036010742,-73.62220001220703
51246536,ULLURIAQ-GIRLS,Dorval,45.44169998168945,-73.7417984008789
51246544,CHSLD VAL-DES-BRISES,Laval,45.61470031738281,-73.68499755859375
51246551,CENTRE DE SERVICES AMBULATOIRES ET CLSC DE GRAND-MÈRE,Shawinigan,46.615501403808594,-72.6978988647461
51246569,CRDITSA ET CRDP DE L'ÎLE-PERROT (SNT),L'Île-Perrot,45.39080047607422,-73.96420288085938
51246577,SERVICES EXTERNES POUR LES JEUNES EN DIFFICULTÉ D'ADAPTATION LA FONTAINE,Montréal,45.55350112915039,-73.53700256347656
51246585,CENTRE DE SERVICES AMBULATOIRES DE LA RUE LAUZON,Châteauguay,45.35850143432617,-73.71479797363281
51246593,CENTRE DE SERVICES AMBULATOIRES EN SANTÉ MENTALE DE LA RUE DU MARCHÉ,Salaberry-de-Valleyfield,45.25450134277344,-74.13400268554688
51246601,CENTRE DE SERVICES AMBULATOIRES EN SANTÉ MENTALE DE LA RUE SAINT-PIERRE,Saint-Constant,45.383399963378906,-73.55879974365234
51246619,GROUPE DE MÉDECINE DE FAMILLE UNIVERSITAIRE DE SAINTE-JUSTINE,Sainte-Justine,46.40589904785156,-70.35340118408203
51246627,CHSLD LECLERC,Granby,45.40950012207031,-72.72760009765625
51246635,CENTRE DE SERVICES AMBULATOIRES DE LA RUE VICTORIA,Salaberry-de-Valleyfield,45.25650024414063,-74.12760162353516
51246650,CENTRE DE RÉADAPTATION EN DÉFICIENCE INTELLECTUELLE ET EN TROUBLES DU SPECTRE DE L’AUTISME GOUIN,Montréal,45.60900115966797,-73.63860321044922
51246668,CENTRE DE RÉADAPTATION EN DÉFICIENCE INTELLECTUELLE ET EN TROUBLES DU SPECTRE DE L’AUTISME HENRI-BOURASSA,Montréal,45.536399841308594,-73.67870330810547
51246676,AIRE OUVERTE DE GRANDE-RIVIÈRE,Grande-Rivière,48.39390182495117,-64.51270294189453
51246684,CHSLD DOCTEUR-CHEVRIER,Saint-Lambert,45.50960159301758,-73.50170135498047
51246692,CHSLD ET CENTRE DE RÉADAPTATION EN DÉFICIENCE PHYSIQUE DE VAUDREUIL-DORION,Vaudreuil-Dorion,45.39609909057617,-74.02519989013672
51246718,CLSC D'ARTHABASKA,Victoriaville,46.03929901123047,-71.91639709472656
51246767,CENTRE MULTISERVICES DE SANTÉ ET DE SERVICES SOCIAUX DE DEUX-MONTAGNES,Deux-Montagnes,45.5442008972168,-73.9072036743164
51246775,CENTRE MULTISERVICES DE SANTÉ ET DE SERVICES SOCIAUX JEAN-OLIVIER-CHÉNIER,Saint-Eustache,45.55070114135742,-73.89320373535156
51246783,CLSC ET CENTRE DE SERVICES AMBULATOIRES EN SANTÉ MENTALE DE SAINTE-THÉRÈSE,Sainte-Thérèse,45.63800048828125,-73.84159851074219
51246791,CENTRE MULTISERVICES DE SANTÉ ET DE SERVICES SOCIAUX DE LA RUE SICARD,Sainte-Thérèse,45.642799377441406,-73.8604965209961
51246809,CENTRE MULTISERVICES DE SANTÉ ET DE SERVICES SOCIAUX SAINTE-ANNE,Mont-Laurier,46.551700592041016,-75.50189971923828
51246817,CENTRE DE SERVICES EXTERNES POUR LES AÎNÉS ET DE RÉADAPTATION EN DÉPENDANCE DE SAINTE-AGATHE-DES-MONTS,Sainte-Agathe-des-Monts,46.05440139770508,-74.29190063476562
51246825,CLSC DE MONT-LAURIER,Mont-Laurier,46.55670166015625,-75.49449920654297
51246841,CENTRE DE RÉADAPTATION EN DÉFICIENCE INTELLECTUELLE ET EN TROUBLES DU SPECTRE DE L'AUTISME DE SAINTE-AGATHE,Sainte-Agathe-des-Monts,46.05509948730469,-74.28730010986328
51246858,CENTRE DE PROTECTION DE L'ENFANCE ET DE LA JEUNESSE DE BOISBRIAND,Boisbriand,45.62319946289063,-73.85340118408203
51246874,CENTRE MULTISERVICES DE SANTÉ ET DE SERVICES SOCIAUX DE SAINTE-AGATHE,Sainte-Agathe-des-Monts,46.05540084838867,-74.28880310058594
51246882,CENTRE MULTISERVICES DE SANTÉ ET DE SERVICES SOCIAUX BROADWAY,Shawinigan,46.55770111083984,-72.7406005859375
51246924,CENTRE DE RÉADAPTATION EN DÉPENDANCE DE LA RIVIÈRE-DU-NORD,Saint-Jérôme,45.77740097045898,-74.00810241699219
51246932,CENTRE DE PROTECTION DE L'ENFANCE ET DE LA JEUNESSE DE LA RUE DU PALAIS,Saint-Jérôme,45.77859878540039,-74.00170135498047
51246940,CENTRE DE PROTECTION ET DE RÉADAPTATION POUR LES JEUNES ET LES MÈRES EN DIFFICULTÉ D'ADAPTATION GRANTHAM-OUEST,Drummondville,45.90399932861328,-72.53040313720703
51246957,CENTRE DE SERVICES EXTERNES POUR LES AÎNÉS ET SERVICES AMBULATOIRES DE MONT-TREMBLANT,Mont-Tremblant,46.1161994934082,-74.5823974609375
51246981,CENTRE DE RÉADAPTATION EN DÉPENDANCE CÔTE DU PALAIS,Québec,46.81480026245117,-71.2114028930664
51246999,PÔLE DE L'HÔPITAL PIERRE-BOUCHER - BELLAGIO,Longueuil,45.53730010986328,-73.46399688720703
51247005,MAISON DES AÎNÉS ET ALTERNATIVE DE RIVIÈRE-DU-LOUP,Rivière-du-Loup,47.83259963989258,-69.53309631347656
51247013,MAISON DES AÎNÉS ET ALTERNATIVE DE RIMOUSKI,Rimouski,48.44839859008789,-68.49440002441406
51247039,MAISON DES AÎNÉS DE COATICOOK,Coaticook,45.13600158691406,-71.81099700927734
51247047,MAISON DES AÎNÉS ET ALTERNATIVE DE SHERBROOKE,Sherbrooke,45.41189956665039,-71.8447036743164
51247054,MAISON DES AÎNÉS ET ALTERNATIVE DE MAGOG,Magog,45.27859878540039,-72.18119812011719
51247062,MAISON DES AÎNÉS ET ALTERNATIVE DE GRANBY,Granby,45.41170120239258,-72.71600341796875
51247070,MAISON DES AÎNÉS ET ALTERNATIVE DE BLACK LAKE,Thetford Mines,46.049800872802734,-71.36000061035156
51247088,MAISON DES AÎNÉS ET ALTERNATIVE DE SAINT-ÉTIENNE-DE-LAUZON,Lévis,46.65869903564453,-71.30390167236328
51247096,MAISON DES AÎNÉS DE SAINT-MARTIN-DE-BEAUCE,Saint-Martin,45.95500183105469,-70.65290069580078
51247104,MAISON DES AÎNÉS ET ALTERNATIVE DE ROBERVAL,Roberval,48.515098571777344,-72.22969818115234
51247112,MAISON DES AÎNÉS ET ALTERNATIVE DES CASCADES,Alma,48.55139923095703,-71.64189910888672
51247120,MAISON DES AÎNÉS ET ALTERNATIVE DE LA RIVIÈRE-SAGUENAY,Saguenay,48.44879913330078,-71.07839965820312
51247138,CENTRE DE SERVICES AMBULATOIRES ALLAN MEMORIAL,Montréal,45.50590133666992,-73.58260345458984
51247146,CENTRE DE SERVICES AMBULATOIRES GILMAN,Westmount,45.487300872802734,-73.58260345458984
51247153,MAISON DES AÎNÉS ET ALTERNATIVE DE BLAINVILLE,Blainville,45.66180038452149,-73.86080169677734
51247161,MAISON DES AÎNÉS DE PRÉVOST,Prévost,45.85850143432617,-74.06169891357422
51247179,MAISON DES AÎNÉS DE SAINTE-ANNE-DES-PLAINES,Sainte-Anne-des-Plaines,45.76089859008789,-73.82319641113281
51247187,MAISON DES AÎNÉS DE SAINTE-AGATHE-DES-MONTS,Sainte-Agathe-des-Monts,46.05120086669922,-74.29620361328125
51247195,MAISON DES AÎNÉS DE SAINT-CANUT,Mirabel,45.69889831542969,-74.09459686279297
51247203,MAISON DES AÎNÉS DE L'ASSOMPTION,L'Assomption,45.821998596191406,-73.43509674072266
51247211,MAISON DES AÎNÉS DE MASCOUCHE,Mascouche,45.72529983520508,-73.61470031738281
51247229,MAISON DES AÎNÉS ET ALTERNATIVE DE REPENTIGNY,Repentigny,45.79100036621094,-73.41439819335938
51247237,CLSC EN SANTÉ MENTALE DE LA SARRE,La Sarre,48.80329895019531,-79.20500183105469
51247245,AIRE OUVERTE DE GASPÉ,Gaspé,48.84049987792969,-64.48470306396484
51247252,CENTRE D'ACTIVITÉS DE JOUR EN DÉFICIENCE INTELLECTUELLE ET EN TROUBLES DU SPECTRE DE L'AUTISME COLLARD,Roberval,48.52050018310547,-72.22810363769531
51247260,CLSC ET CENTRE DE RÉADAPTATION EN DÉFICIENCE INTELLECTUELLE ET EN TROUBLES DU SPECTRE DE L'AUTISME DU PAVILLON ARTHUR-VALLÉE,Québec,46.85210037231445,-71.22309875488281
51247278,CENTRE D'ACTIVITÉS DE JOUR EN DÉFICIENCE INTELLECTUELLE ET EN TROUBLES DU SPECTRE DE L'AUTISME ET CENTRE D'HÉBERGEMENT DE SAINT-MARC-DES-CARRIÈRES,Saint-Marc-des-Carrières,46.68339920043945,-72.04530334472656
51247286,CENTRE MULTISERVICES DE SANTÉ ET DE SERVICES SOCIAUX DE DONNACONA,Donnacona,46.68050003051758,-71.72380065917969
51247294,CENTRE MULTISERVICES DE SANTÉ ET DE SERVICES SOCIAUX SACRÉ-COEUR,Québec,46.81330108642578,-71.24549865722656
51247302,CENTRE MULTISERVICES DE SANTÉ ET DE SERVICES SOCIAUX DE SAINT-RAYMOND,Saint-Raymond,46.89519882202149,-71.82240295410156
51247310,CLSC ET CENTRE DE RÉADAPTATION EN DÉPENDANCE DE LA BASSE-VILLE,Québec,46.812599182128906,-71.23030090332031
51247328,CLSC ET CENTRE DE RÉADAPTATION EN DÉPENDANCE DE LA MALBAIE,La Malbaie,47.65299987792969,-70.14910125732422
51247336,CLSC ET CENTRE DE RÉADAPTATION EN DÉPENDANCE DE PONT-ROUGE,Pont-Rouge,46.74610137939453,-71.69139862060547
51247344,CENTRE MULTISERVICES DE SANTÉ ET DE SERVICES SOCIAUX DE SAINT-MARC-DES-CARRIÈRES,Saint-Marc-des-Carrières,46.68090057373047,-72.04969787597656
51247351,CLSC ET CENTRE D'HÉBERGEMENT DE SAINT-SIMÉON,Saint-Siméon,47.84270095825195,-69.87899780273438
51247369,CLSC ET CENTRE D'HÉBERGEMENT ALPHONSE-BONENFANT,Saint-Pierre-de-L'Île-d'Orléans,46.88819885253906,-71.07620239257812
51247377,CENTRE D'HÉBERGEMENT BELLERIVE,La Malbaie,47.653900146484375,-70.14900207519531
51247385,MAISON DES AÎNÉS ET ALTERNATIVE DE LEBOURGNEUF,Québec,46.84629821777344,-71.28959655761719
51247393,MAISON DES AÎNÉS ET ALTERNATIVE DE SAINTE-FOY,Québec,46.75960159301758,-71.27999877929688
51247401,MAISON ALTERNATIVE DE RIVIÈRE-DES-PRAIRIES,Montréal,45.62099838256836,-73.60919952392578
51247419,AIRE OUVERTE DE SAINT-GEORGES,Saint-Georges,46.11289978027344,-70.6729965209961
51247427,AIRE OUVERTE DE LA VALLÉE-DE-L'OR,Val-d'Or,48.10110092163086,-77.78559875488281
51247435,CENTRE MULTISERVICES DE SANTÉ ET DE SERVICES SOCIAUX DE SENNETERRE,Senneterre,48.3843994140625,-77.25299835205078
51247443,CLSC DE ROUYN-NORANDA,Rouyn-Noranda,48.24340057373047,-79.02100372314453
51247450,CENTRE DE RÉADAPTATION EN DÉFICIENCE PHYSIQUE ET EN DÉFICIENCE INTELLECTUELLE ET EN TROUBLES DU SPECTRE DE L’AUTISME DE VILLE-MARIE,Ville-Marie,47.33100128173828,-79.44049835205078
51247468,CENTRE DE RÉADAPTATION EN DÉFICIENCE PHYSIQUE ET EN DÉFICIENCE INTELLECTUELLE ET EN TROUBLES DU SPECTRE DE L’AUTISME D’AMOS,Amos,48.57740020751953,-78.12519836425781
51247476,CENTRE MULTISERVICES DE SANTÉ ET DE SERVICES SOCIAUX DE TÉMISCAMING-KIPAWA,Témiscaming,46.72570037841797,-79.09410095214844
51247484,AIRE OUVERTE DE RIVIÈRE-DU-LOUP,Rivière-du-Loup,47.833099365234375,-69.54920196533203
51247492,AIRE OUVERTE DE SALABERRY-DE-VALLEYFIELD,Salaberry-de-Valleyfield,45.24549865722656,-74.12969970703125
51247518,CENTRE MULTISERVICES DE SANTÉ ET DE SERVICES SOCIAUX DE SAINTE-ANNE-DES-MONTS,Sainte-Anne-des-Monts,49.12009811401367,-66.47820281982422
51247526,CENTRE MULTISERVICES DE SANTÉ ET DE SERVICES SOCIAUX DE BONAVENTURE,Bonaventure,48.06100082397461,-65.51920318603516
51247534,CENTRE MULTISERVICES SEGA DE CHANDLER,Chandler,48.35480117797852,-64.67019653320312
51247542,CENTRE MULTISERVICES DE SANTÉ ET DE SERVICES SOCIAUX DE VILLE-MARIE,Ville-Marie,47.33290100097656,-79.44439697265625
51247559,CENTRE MULTISERVICES DE SANTÉ ET DE SERVICES SOCIAUX DE LA SARRE,La Sarre,48.786399841308594,-79.19850158691406
51247575,AIRE OUVERTE DE JOLIETTE,Joliette,46.04729843139648,-73.42500305175781
51247583,CENTRE MULTISERVICES DE SANTÉ ET DE SERVICES SOCIAUX DES SOURCES,Val-des-Sources,45.77180099487305,-71.92610168457031
51247591,CENTRE MULTISERVICES DE SANTÉ ET DE SERVICES SOCIAUX DU HAUT-SAINT-FRANÇOIS,East Angus,45.48910140991211,-71.65370178222656
51247609,CLSC ET CENTRE DE SERVICES EXTERNES POUR LES AÎNÉS DE STANSTEAD,Stanstead,45.01179885864258,-72.0969009399414
51247617,CENTRE MULTISERVICES DE SANTÉ ET DE SERVICES SOCIAUX DE LA MRC DE COATICOOK,Coaticook,45.1349983215332,-71.81230163574219
51247633,CENTRE DE RÉADAPTATION EN DÉFICIENCE PHYSIQUE ET DE PROTECTION ET DE RÉADAPTATION POUR LES JEUNES EN DIFFICULTÉ D'ADAPTATION DU GRANIT,Lac-Mégantic,45.57080078125,-70.87539672851562
51247641,MAISON DES AÎNÉS DE CHOMEDEY,Laval,45.540000915527344,-73.71920013427734
51247666,CENTRE DE SERVICES AMBULATOIRES EN SANTÉ MENTALE MONT-BLEU,Gatineau,45.46030044555664,-75.7666015625
51247682,AIRE OUVERTE DE QUÉBEC,Québec,46.814701080322266,-71.23280334472656
51247690,MAISON DES AÎNÉS ET ALTERNATIVE DE DRUMMONDVILLE,Drummondville,45.88109970092773,-72.48100280761719
51247708,MAISON DES AÎNÉS ET ALTERNATIVE DE VICTORIAVILLE,Victoriaville,46.0640983581543,-71.96009826660156
51247716,MAISON DES AÎNÉS ET ALTERNATIVE DE TROIS-RIVIÈRES,Trois-Rivières,46.36259841918945,-72.529296875
51247724,CENTRE D'HÉBERGEMENT ET DE RÉADAPTATION DE MARIA,Maria,48.17359924316406,-65.98580169677734
51247732,CENTRE MULTISERVICES DE SANTÉ ET DE SERVICES SOCIAUX DE GRANDE-VALLÉE,Grande-Vallée,49.22719955444336,-65.10440063476562
51247740,CLSC ET CENTRE DE RÉADAPTATION EN DÉFICIENCE PHYSIQUE ET EN DÉFICIENCE INTELLECTUELLE ET EN TROUBLES DU SPECTRE DE L’AUTISME DE POINTE-À-LA-CROI,Pointe-à-la-Croix,48.01950073242188,-66.69309997558594
51247757,CLSC ET CENTRE DE PROTECTION ET DE RÉADAPTATION DE CHANDLER,Chandler,48.35380172729492,-64.66999816894531
51247765,CENTRE MULTISERVICES DE SANTÉ ET DE SERVICES SOCIAUX MALAUZE,Matapédia,47.97790145874024,-66.93669891357422
51247773,CLSC ET CENTRE DE RÉADAPTATION EN DÉFICIENCE INTELLECTUELLE ET EN TROUBLES DU SPECTRE DE L’AUTISME DE RIVIÈRE-AU-RENARD,Gaspé,48.98870086669922,-64.37409973144531
51247781,CENTRE D'HÉBERGEMENT ET DE RÉADAPTATION MGR-ROSS,Gaspé,48.83729934692383,-64.49240112304688
51247799,HÔPITAL ET CLSC DE SAINTE-ANNE-DES-MONTS,Sainte-Anne-des-Monts,49.11859893798828,-66.48280334472656
51247856,MAISON DES AÎNÉS DE BELOEIL,Beloeil,45.58190155029297,-73.2156982421875
51247864,MAISON DES AÎNÉS DE SAINT-AMABLE,Saint-Amable,45.64789962768555,-73.30329895019531
51247880,AIRE OUVERTE DE SAINT-JÉRÔME,Saint-Jérôme,45.777099609375,-74.0020980834961
51247898,AIRE OUVERTE DE SHAWINIGAN,Shawinigan,46.54109954833984,-72.74359893798828
51247914,MAISON DES AÎNÉS ET ALTERNATIVE DE RIVIÈRE-AU-RENARD,Gaspé,49.012001037597656,-64.40979766845703
51247922,AIRE OUVERTE DE HUNTINGDON,Huntingdon,45.08720016479492,-74.17169952392578
51247930,MAISON DES AÎNÉS ET ALTERNATIVE DE CHÂTEAUGUAY,Châteauguay,45.35649871826172,-73.76689910888672
51247955,HÔPITAL STE-MONIQUE,L'Ancienne-Lorette,46.79819869995117,-71.34239959716797
51247963,CHSLD NOTRE-DAME,Québec,46.78810119628906,-71.25659942626953
51247971,LA MAISON MICHEL-SARRAZIN,Québec,46.77349853515625,-71.25160217285156
51247989,CHSLD DE LA MAISON-LEGAULT,Québec,46.7578010559082,-71.2885971069336
51247997,FOYER SAINTS-ANGES DE HAM-NORD,Ham-Nord,45.90380096435547,-71.64779663085938
51248003,CHSLD PROVIDENCE NOTRE-DAME DE LOURDES,Montréal,45.549800872802734,-73.54070281982422
51248011,ATELIER LE FIL D'ARIANE,Montréal,45.52949905395508,-73.58380126953125
51248029,CHSLD BAYVIEW,Pointe-Claire,45.44860076904297,-73.7865982055664
51248037,RÉSIDENCE BERTHIAUME-DU TREMBLAY,Montréal,45.56740188598633,-73.66300201416016
51248045,HÔPITAL MARIE-CLARAC,Montréal,45.59080123901367,-73.64969635009766
51248052,CLINIQUE COMMUNAUTAIRE DE POINTE ST-CHARLES,Montréal,45.47840118408203,-73.55690002441406
51248060,MAISON ELIZABETH,Montréal,45.47520065307617,-73.60690307617188
51248078,LES CÈDRES - CENTRE D'ACCUEIL POUR PERSONNES ÂGÉES,Montréal,45.516998291015625,-73.67990112304688
51248086,CENTRE MÉTROPOLITAIN DE CHIRURGIE PLASTIQUE,Montréal,45.545501708984375,-73.69290161132812
51248094,MANOIR BEACONSFIELD,Beaconsfield,45.41889953613281,-73.88359832763672
51248102,CHSLD BOURGET,Montréal,45.6338005065918,-73.4927978515625
51248110,CENTRE D'HÉBERGEMENT ET DE SOINS DE LONGUE DURÉE BUSSEY (QUÉBEC),Montréal,45.433101654052734,-73.68329620361328
51248128,HÔPITAL VILLA MEDICA,Montréal,45.51499938964844,-73.5687026977539
51248136,PAVILLON BELLEVUE,Lévis,46.81909942626953,-71.15670013427734
51248144,CENTRE D'ACCUEIL SAINT-JOSEPH DE LÉVIS,Lévis,46.79909896850586,-71.1886978149414
51248151,MANOIR ST-PATRICE,Laval,45.54180145263672,-73.74099731445312
51248169,CHSLD HEATHER I,Rawdon,46.05080032348633,-73.70220184326172
51248185,MANOIR SOLEIL,Chambly,45.46139907836914,-73.2959976196289
51248193,RÉSIDENCE SOREL-TRACY,Sorel-Tracy,46.0281982421875,-73.1436996459961
51248201,INSTITUT DE CARDIOLOGIE DE MONTRÉAL,Montréal,45.57379913330078,-73.57779693603516
51248219,HÔPITAL GÉNÉRAL DE MONTRÉAL,Montréal,45.49700164794922,-73.58899688720703
51248227,INSTITUT NATIONAL DE PSYCHIATRIE LÉGALE PHILIPPE-PINEL,Montréal,45.65599822998047,-73.53359985351562
51248235,CENTRE DE SOINS PROLONGÉS GRACE DART,Montréal,45.55950164794922,-73.52890014648438
51248243,CENTRE HOSPITALIER DE ST. MARY,Montréal,45.49489974975586,-73.62409973144531
51248250,HÔPITAL GÉNÉRAL JUIF,Montréal,45.49779891967773,-73.62879943847656
51248268,CENTRE MIRIAM,Mont-Royal,45.49639892578125,-73.66190338134766
51248276,HÔPITAL MONT SINAÏ,Côte-Saint-Luc,45.47380065917969,-73.65730285644531
51248284,CENTRE HOSPITALIER GÉRIATRIQUE MAIMONIDES,Côte-Saint-Luc,45.47159957885742,-73.66840362548828
51248292,L'HÔPITAL CHINOIS DE MONTRÉAL (1963),Montréal,45.509498596191406,-73.55809783935547
51248300,HÔPITAL JUIF DE RÉADAPTATION,Laval,45.54869842529297,-73.73760223388672
51248318,LA RÉSIDENCE DE LACHUTE,Lachute,45.65660095214844,-74.33930206298828
51248326,CENTRE DE SANTÉ TULATTAVIK DE L'UNGAVA,Kuujjuaq,58.10699844360352,-68.4052963256836
51248359,CLSC DE DAVELUYVILLE,Daveluyville,46.20090103149414,-72.13629913330078
51248367,MAISON DES AÎNÉS ET ALTERNATIVE DE PONT-ROUGE,Pont-Rouge,46.75600051879883,-71.69390106201172
51248375,MAISON DES AÎNÉS DE SAINT-JEAN-SUR-RICHELIEU,Saint-Jean-sur-Richelieu,45.33990097045898,-73.27899932861328
51248383,CENTRE DE SERVICES AMBULATOIRES DE LA RUE BIBEAU,Saint-Eustache,45.56930160522461,-73.91500091552734
51248391,CENTRE DE RÉADAPTATION POUR LES JEUNES EN DIFFICULTÉ D'ADAPTATION DE THÉRÈSE-DE BLAINVILLE,Sainte-Thérèse,45.645301818847656,-73.84140014648438
51248409,MAISON DES AÎNÉS ET ALTERNATIVE DE SAINT-HILARION,Saint-Hilarion,47.57609939575195,-70.39920043945312
51248417,MAISON DES AÎNÉS ET ALTERNATIVE DE ROUYN-NORANDA,Rouyn-Noranda,48.23860168457031,-78.98880004882812
51248425,MAISON DES AÎNÉS ET ALTERNATIVE DE VAL-D'OR,Val-d'Or,48.09519958496094,-77.80000305175781
51248441,CENTRE D'ACTIVITÉS DE JOUR EN DÉFICIENCE INTELLECTUELLE ET EN TROUBLES DU SPECTRE DE L'AUTISME 2E AVENUE,Québec,46.823001861572266,-71.22920227050781
51248458,CENTRE MULTISERVICES DE SANTÉ ET DE SERVICES SOCIAUX DU VAL-SAINT-FRANÇOIS,Windsor,45.57609939575195,-72.00509643554688
51248466,CENTRE MULTISERVICES DE SANTÉ ET DE SERVICES SOCIAUX D'EAST ANGUS,East Angus,45.489200592041016,-71.6521987915039
51248474,MAISON DES AÎNÉS ET ALTERNATIVE PARC-DE-LA-MONTAGNE,Gatineau,45.44599914550781,-75.74859619140625
51248482,CLSC ET MAISON DE NAISSANCE DE LAURIER,Granby,45.41059875488281,-72.72779846191406
51248490,AIRE OUVERTE DE L'EST DE MONTRÉAL,Montréal,45.64080047607422,-73.4905014038086
51248508,CENTRE DE PROTECTION ET DE RÉADAPTATION POUR LES JEUNES EN DIFFICULTÉ D’ADAPTATION LEMIRE,Drummondville,45.85699844360352,-72.48570251464844
51248516,CENTRE DE SERVICES AMBULATOIRES DE CHAUDIÈRE-APPALACHES,Lévis,46.72710037231445,-71.27239990234375
51248524,MAISON ALTERNATIVE DORVAL,Dorval,45.44189834594727,-73.7428970336914
51248540,MAISON DES AÎNÉS ET ALTERNATIVE DE LONGUEUIL,Longueuil,45.5359992980957,-73.46009826660156
51248565,HÔPITAL DE MAIZERETS,Québec,46.83720016479492,-71.22550201416016
51248573,AIRE OUVERTE MONTRÉAL-NORD,Montréal,45.615699768066406,-73.62899780273438
51248581,CLSC ET GROUPE DE MÉDECINE DE FAMILLE UNIVERSITAIRE MONTRÉAL-NORD-EST,Montréal,45.62360000610352,-73.61599731445312
51248672,MAISON DES AÎNÉS ET ALTERNATIVE MASSON-ANGER,Gatineau,45.52399826049805,-75.48419952392578
51248763,FOYER DE GROUPE POUR LES JEUNES EN DIFFICULTÉ D’ADAPTATION MOULIN-DES-JÉSUITES,Trois-Rivières,46.36809921264648,-72.50060272216797
51248771,FOYER DE GROUPE POUR LES JEUNES EN DIFFICULTÉ D’ADAPTATION DE NICOLET,Nicolet,46.22629928588867,-72.61209869384766
51248797,CENTRE DE SERVICES AMBULATOIRES BOULEVARD LAURIER,Québec,46.76599884033203,-71.2927017211914
51248813,GROUPE DE MÉDECINE DE FAMILLE UNIVERSITAIRE DES MONTÉRÉGIENNES,Boucherville,45.53829956054688,-73.45880126953125
51248821,MAISON DES AÎNÉS ET ALTERNATIVE DE SALABERRY-DE-VALLEYFIELD,Salaberry-de-Valleyfield,45.250301361083984,-74.14820098876953
51248839,CENTRE DE SERVICES AMBULATOIRES DE MAISONNEUVE-EST,Montréal,45.51810073852539,-73.5593032836914
51248862,GROUPE DE MÉDECINE DE FAMILLE UNIVERSITAIRE ET CLSC DE VICTORIAVILLE,Victoriaville,46.06610107421875,-71.93879699707031
51248870,AIRE OUVERTE DE SOREL-TRACY,Sorel-Tracy,46.04510116577149,-73.11609649658203
51248896,CHSLD STILLVIEW,Pointe-Claire,45.45209884643555,-73.83580017089844
51248904,FOYER DE GROUPE EN DÉFICIENCE INTELLECTUELLE ET EN TROUBLES DU SPECTRE DE L'AUTISME DE LA POCATIÈRE,La Pocatière,47.368499755859375,-70.02310180664062
51248912,CENTRE DE RÉADAPTATION EN DÉFICIENCE INTELLECTUELLE ET EN TROUBLES DU SPECTRE DE L'AUTISME DU PARC-DU-LAC-BEAUCHAMP,Gatineau,45.48189926147461,-75.6134033203125
51248920,AIRE OUVERTE DU MÉTRO-BERRI,Montréal,45.51890182495117,-73.56109619140625
51248938,AIRE OUVERTE DE CÔTE-DES-NEIGES,Montréal,45.49610137939453,-73.62100219726562
51248946,AIRE OUVERTE DE BEAUHARNOIS,Beauharnois,45.31539916992188,-73.87159729003906
51248979,AIRE OUVERTE DE DRUMMONDVILLE,Drummondville,45.8765983581543,-72.48290252685547
51249001,HÔPITAL 1RE AVENUE,Québec,46.82780075073242,-71.23660278320312
51249019,HÔPITAL CHEMIN SAINTE-FOY,Québec,46.79899978637695,-71.24659729003906
51249027,CENTRE DE SERVICES AMBULATOIRES STILLVIEW,Pointe-Claire,45.45069885253906,-73.8323974609375
51249035,AIRE OUVERTE DE SHERBROOKE,Sherbrooke,45.400001525878906,-71.91819763183594
51249043,CENTRE DE SERVICES AMBULATOIRES CHANOINE-MOREL,Québec,46.786598205566406,-71.25019836425781
51249050,MAISON DES AÎNÉS ET ALTERNATIVE DE CARIGNAN,Carignan,45.45050048828125,-73.32710266113281
51249076,AIRE OUVERTE DES ÎLES,Les Îles-de-la-Madeleine,47.37620162963867,-61.86790084838867
51249084,CLSC DU TERMINUS,Rouyn-Noranda,48.24160003662109,-79.01959991455078
51249092,CENTRE DE RÉADAPTATION EN DÉPENDANCE HOCHELAGA,Montréal,45.5885009765625,-73.53009796142578
51249100,CENTRE DE RÉADAPTATION EN DÉPENDANCE MONKLAND,Montréal,45.46549987792969,-73.63140106201172
51249118,CENTRE DE RÉADAPTATION EN DÉPENDANCE NOTRE-DAME-EST,Montréal,45.66659927368164,-73.49340057373047
51249126,CENTRE DE RÉADAPTATION EN DÉPENDANCE LACHINE,Montréal,45.43539810180664,-73.68150329589844
51249134,CENTRE DE RÉADAPTATION EN DÉPENDANCE GOUIN,Montréal,45.49720001220703,-73.84839630126953
51249159,CENTRE DE RÉADAPTATION EN DÉFICIENCE PHYSIQUE DE LA PRAIRIE,La Prairie,45.4213981628418,-73.49610137939453
51249167,HÔPITAL BOULEVARD LAURIER,Québec,46.76789855957031,-71.28230285644531
51249241,FOYER DE GROUPE POUR LES JEUNES EN DIFFICULTÉ D'ADAPTATION PELLETIER,Montréal,45.59370040893555,-73.63520050048828
51249258,FOYER DE GROUPE POUR LES JEUNES EN DIFFICULTÉ D'ADAPTATION CHARLEROI,Montréal,45.59370040893555,-73.63520050048828
51249266,MAISON DES AÎNÉS ET ALTERNATIVE DE BAIE-COMEAU,Baie-Comeau,49.1879997253418,-68.25669860839844
51249274,CENTRE D’HÉBERGEMENT DE SAINTE-EUSTACHE,Saint-Eustache,45.56990051269531,-73.91529846191406
51249308,INSTITUT NAZARETH ET LOUIS-BRAILLE DE LA RUE SHERBROOKE,Montréal,45.52539825439453,-73.5636978149414
51249316,GROUPE DE MÉDECINE DE FAMILLE UNIVERSITAIRE D’AMOS,Amos,48.57500076293945,-78.1281967163086
51249324,PAVILLON DE SOINS PALLIATIFS DE SAINT-CHARLES-BORROMÉE,Saint-Charles-Borromée,46.03620147705078,-73.45999908447266
51249340,CENTRE DE RÉADAPTATION EN DÉFICIENCE PHYSIQUE 3065 DU CHEMIN DE CHAMBLY,Longueuil,45.51860046386719,-73.4552993774414
51249357,AIRE OUVERTE DE LORETTEVILLE,Québec,46.84999847412109,-71.36150360107422
51249365,AIRE OUVERTE DE PORTNEUF,Donnacona,46.68080139160156,-71.73059844970703
51249373,CLINIQUE IPS+ SNOWDON,Montréal,45.485198974609375,-73.62850189208984
51249381,CENTRE DE RÉADAPTATION EN DÉFICIENCE PHYSIQUE ET EN DÉFICIENCE INTELLECTUELLE ET EN TROUBLE DU SPECTRE DE L'AUTISME NICOLAS-PERROT,Trois-Rivières,46.35850143432617,-72.54750061035156
51249399,FOYER DE GROUPE DE ROBERVAL,Roberval,48.50469970703125,-72.22039794921875
51249407,MAISON DES AÎNÉS ET ALTERNATIVE DE MANIWAKI,Maniwaki,46.39120101928711,-75.97720336914062
51249415,CENTRE LOCAL DE SERVICES COMMUNAUTAIRES DE SAINT-SAUVEUR,Québec,46.80950164794922,-71.24430084228516
51249431,GROUPE DE MÉDECINE DE FAMILLE UNIVERSITAIRE DE VERDUN-DE-L'ÉGLISE,Montréal,45.46289825439453,-73.56449890136719
51249456,CHSLD PLAISANCE,Les Îles-de-la-Madeleine,47.37350082397461,-61.87300109863281
51249480,CENTRE DE SERVICES AMBULATOIRES DE MONT-LAURIER,Mont-Laurier,46.55059814453125,-75.48699951171875
51249506,CENTRE D'HÉBERGEMENT MAIZERETS,Québec,46.8473014831543,-71.22090148925781
51249563,CENTRE DE RÉADAPTATION EN DÉPENDANCE CAVENDISH /CAVENDISH ADDICTION READAPTATION CENTRE,Montréal,45.4634017944336,-73.6270980834961
51249571,MAISON DE NAISSANCE ET DE LA PETITE ENFANCE DES GRANDS PINS,Val-d'Or,48.0974006652832,-77.79759979248047
51249589,AIRE OUVERTE DE LASALLE,Montréal,45.43299865722656,-73.5969009399414
51249597,CLSC DE SAINT-CÔME,Saint-Côme,46.26900100708008,-73.77469635009766
51249605,CENTRE DE SERVICES AMBULATOIRES EN SANTÉ MENTALE ET DE RÉADAPTATION EN DÉPENDANCE DU BOULEVARD DE LA CITÉ-DES-JEUNES,Vaudreuil-Dorion,45.41569900512695,-74.0165023803711
51249613,AIRE OUVERTE DU MÉTRO-LIONEL-GROULX,Montréal,45.48350143432617,-73.58059692382812
51249639,AIRE OUVERTE DE MONT-JOLI,Mont-Joli,48.5890998840332,-68.19419860839844
51249688,FOYER DE GROUPE POUR LES JEUNES EN DIFFICULTÉ D'ADAPTATION LACHINE,Montréal,45.43529891967773,-73.6958999633789
51249712,CENTRE D'HÉBERGEMENT ET DE SOINS DE LONGUE DURÉE ANGELICA,Montréal,45.59000015258789,-73.65129852294922
51249746,CLINIQUE D'INFIRMIÈRES PRATICIENNES SPÉCIALISÉES DE SAINT-DAMIEN DE BUCKLAND,Saint-Damien-de-Buckland,46.62360000610352,-70.65879821777344
51340248,CENTRE DE PROTECTION DE L'ENFANCE ET DE LA JEUNESSE WEST ISLAND,Pointe-Claire,45.46969985961914,-73.82720184326172
51340297,CENTRE DE PROTECTION DE L’ENFANCE ET DE LA JEUNESSE SAINTE-CATHERINE,Westmount,45.48059844970703,-73.59439849853516
51340404,CENTRE D'HÉBERGEMENT DESCHÊNES,Saguenay,48.43069839477539,-71.19519805908203
51340776,PAVILLON ROSEMONT,Montréal,45.57749938964844,-73.56210327148438
51341477,CENTRE DE PROTECTION DE L'ENFANCE ET DE LA JEUNESSE HENRI-BOURASSA EST,Montréal,45.56100082397461,-73.66619873046875
51341543,CENTRE DE PROTECTION DE L'ENFANCE ET DE LA JEUNESSE DE L'ÉGLISE,Montréal,45.46310043334961,-73.56990051269531
51387371,CENTRE DE RÉADAPTATION EN DÉFICIENCE INTELLECTUELLE ET EN TROUBLES DU SPECTRE DE L'AUTISME ET DE RÉADAPTATION EN DÉFICIENCE PHYSIQUE DE BAIE-COMEA,Baie-Comeau,49.18519973754883,-68.26499938964844
51388874,CENTRE D'HÉBERGEMENT DE LA MAISON-SAINT-JOSEPH,Montréal,45.57889938354492,-73.56749725341797
51417624,CENTRE DE PROTECTION DE L'ENFANCE ET DE LA JEUNESSE DE CHÂTEAUGUAY,Châteauguay,45.344200134277344,-73.7239990234375
51447852,CENTRE DE PROTECTION ET DE RÉADAPTATION POUR LES JEUNES ET LES MÈRES EN DIFFICULTÉ D'ADAPTATION DES FORGES,Trois-Rivières,46.347599029541016,-72.56649780273438
51495844,CHSLD GEORGES-PHANEUF,Saint-Jean-sur-Richelieu,45.30699920654297,-73.25420379638672
51495869,RÉSIDENCE DES FILLES ET/OU GARÇONS (HAVRE-JEUNESSE),Montréal,45.45050048828125,-73.5781021118164
51495877,RÉSIDENCE DES GARÇONS ET/OU FILLES (HAVRE-JEUNESSE),Montréal,45.46020126342773,-73.56269836425781
51495968,CENTRE DE PROTECTION ET DE RÉADAPTATION POUR LES JEUNES EN DIFFICULTÉ D'ADAPTATION D'ALMA,Alma,48.54690170288086,-71.65550231933594
51496016,CENTRE DE PROTECTION ET DE RÉADAPTATION POUR LES JEUNES EN DIFFICULTÉ D'ADAPTATION DE JONQUIÈRE,Saguenay,48.411598205566406,-71.23590087890625
51496057,CENTRE DE PROTECTION ET DE RÉADAPTATION POUR LES JEUNES EN DIFFICULTÉ D'ADAPTATION DES ÎLES-DE-LA-MADELEINE,Les Îles-de-la-Madeleine,47.375,-61.87289810180664
51496099,CLSC ET CENTRE DE PROTECTION DE L'ENFANCE ET DE LA JEUNESSE DE LA SARRE,La Sarre,48.80459976196289,-79.20259857177734
51496438,CENTRE DE PROTECTION ET DE RÉADAPTATION POUR LES JEUNES EN DIFFICULTÉ D'ADAPTATION DES SOURCES,Val-des-Sources,45.77170181274414,-71.93560028076172
51496529,CENTRE DE PROTECTION DE L'ENFANCE ET DE LA JEUNESSE DE LA MATAPÉDIA,Amqui,48.464500427246094,-67.42379760742188
51496545,CENTRE DE PROTECTION ET DE RÉADAPTATION POUR LES JEUNES EN DIFFICULTÉ D'ADAPTATION DE LA MALBAIE,La Malbaie,47.653099060058594,-70.14929962158203
51496560,CENTRE DE PROTECTION DE L'ENFANCE ET DE LA JEUNESSE DE RIMOUSKI-NEIGETTE,Rimouski,48.44609832763672,-68.52749633789062
51496602,CENTRE DE PROTECTION DE L'ENFANCE ET DE LA JEUNESSE PRÉFONTAINE,Longueuil,45.52320098876953,-73.51290130615234
51496768,CENTRE DE PROTECTION ET DE RÉADAPTATION POUR LES JEUNES ET LES MÈRES EN DIFFICULTÉ D'ADAPTATION DE LA TUQUE,La Tuque,47.42890167236328,-72.7854995727539
51496800,CENTRE DE PROTECTION DE L'ENFANCE ET DE LA JEUNESSE DE VALLÉE-DE-LA-GATINEAU,Maniwaki,46.375301361083984,-75.97850036621094
51497576,CENTRE D'HÉBERGEMENT DE VERDUN,Montréal,45.45240020751953,-73.56600189208984
51521425,HÔPITAL SAINTE-ANNE,Sainte-Anne-de-Bellevue,45.41239929199219,-73.94869995117188
51585826,CENTRE DE PROTECTION DE L'ENFANCE ET DE LA JEUNESSE SHERBROOKE EST,Montréal,45.5989990234375,-73.53569793701172
51585859,CENTRE DE PROTECTION DE L'ENFANCE ET DE LA JEUNESSE DE LA RUE LAVIOLETTE,Saint-Jérôme,45.7775993347168,-74.00740051269531
51608214,CENTRE DE PROTECTION DE L'ENFANCE ET DE LA JEUNESSE LA FONTAINE,Montréal,45.55390167236328,-73.53690338134766
51609998,FOYER DE GROUPE POUR LES JEUNES EN DIFFICULTÉ D'ADAPTATION PIERRE-BOUCHER,Québec,46.78799819946289,-71.247802734375
51610038,FOYER DE GROUPE POUR LES JEUNES EN DIFFICULTÉ D'ADAPTATION DU PARC-PLEAU,Québec,46.85210037231445,-71.36229705810547
51610095,APPARTEMENT SUPERVISÉ POUR LES JEUNES EN DIFFICULTÉ D'ADAPTATION ASPIRE 2,Montréal,45.467899322509766,-73.63899993896484
51610111,FOYER DE GROUPE MAISONNEUVE,Westmount,45.48460006713867,-73.59259796142578
51610137,FOYER DE GROUPE COUVRETTE,Montréal,45.52780151367188,-73.68489837646484
51610145,FOYER DE GROUPE RUDEL,Montréal,45.47439956665039,-73.61540222167969
51610186,FOYER DE GROUPE SAINT-JAMES,Montréal,45.46440124511719,-73.61620330810547
51610194,FOYER DE GROUPE BOURBONNIÈRE,Montréal,45.43159866333008,-73.59089660644531
51767366,CENTRE D'ACCUEIL LE PROGRAMME DE PORTAGE,Montréal,45.491798400878906,-73.57250213623047
51769636,CLSC DE LA PATRIE,La Patrie,45.39939880371094,-71.25140380859375
51769644,CLSC DE COOKSHIRE,Cookshire-Eaton,45.42129898071289,-71.6333999633789
51769727,CLSC LES MÉCHINS,Les Méchins,49.0005989074707,-66.97979736328125
51769735,CLSC DE BAIE-DES-SABLES,Baie-des-Sables,48.72090148925781,-67.893798828125
51769909,CLSC DE GRACEFIELD,Gracefield,46.09180068969727,-76.0519027709961
51769925,CLSC DE VAL-DES-BOIS,Val-des-Bois,45.91619873046875,-75.59190368652344
51769941,CLSC DE LES HAUTEURS,Les Hauteurs,48.37760162353516,-68.11289978027344
51770048,CLINIQUE COMMUNAUTAIRE DE POINTE ST-CHARLES (POINT DE SERVICE),Montréal,45.482398986816406,-73.5634994506836
51770121,CLSC DE SAINT-CHRYSOSTOME / SAINT-CHRYSOSTOME CLSC,Saint-Chrysostome,45.10580062866211,-73.76239776611328
51791531,CENTRE DE PROTECTION DE L'ENFANCE ET DE LA JEUNESSE DE KAWAWACHIKAMACH,Kawawachikamach,54.86289978027344,-66.76080322265625
51791754,SUCCURSALE TRIBUNAL DE LA JEUNESSE,Montréal,45.53260040283203,-73.60079956054688
51791812,CENTRE DE PROTECTION ET DE RÉADAPTATION POUR LES JEUNES EN DIFFICULTÉ D'ADAPTATION DE SAINT-JEAN-SUR-RICHELIEU,Saint-Jean-sur-Richelieu,45.31520080566406,-73.25910186767578
51791853,CENTRE DE PROTECTION DE L'ENFANCE ET DE LA JEUNESSE DE COWANSVILLE,Cowansville,45.20849990844727,-72.71600341796875
51791879,CENTRE DE PROTECTION DE L'ENFANCE ET DE LA JEUNESSE DE BELOEIL,Beloeil,45.56069946289063,-73.2074966430664
51831436,CENTRE DE RÉADAPTATION EN DÉFICIENCE PHYSIQUE DES SOURCES,Val-des-Sources,45.77790069580078,-71.96659851074219
51831485,FOYER DE GROUPE POUR LES JEUNES EN DIFFICULTÉ D'ADAPTATION LA FONTAINE,Montréal,45.55179977416992,-73.53520202636719
51831501,FOYER DE GROUPE POUR LES JEUNES EN DIFFICULTÉ D'ADAPTATION MEILLEUR,Montréal,45.54069900512695,-73.66780090332031
51835742,CENTRE DE PROTECTION DE L’ENFANCE ET DE LA JEUNESSE TUPPER,Westmount,45.48780059814453,-73.58529663085938
51848752,HÔPITAL EN SANTÉ MENTALE ALBERT-PRÉVOST,Montréal,45.52899932861328,-73.72899627685547
51913101,MAISON DES AÎNÉS DE SAINTE-ÉLISABETH,Sainte-Élisabeth,46.09619903564453,-73.35350036621094
51962827,CLSC DE CHAPEAU,L'Isle-aux-Allumettes,45.910400390625,-77.0728988647461
51962967,CLSC DE PERCÉ,Percé,48.5265998840332,-64.2136001586914
52013679,CHSLD BOISVERT,Baie-Comeau,49.21900177001953,-68.15070343017578
52144714,CLSC ET CHSLD DONALD-G.-HODD,Côte-Nord-du-Golfe-du-Saint-Laurent,50.49760055541992,-59.4807014465332
52238870,CHSLD DE LA PETITE-PATRIE,Montréal,45.546199798583984,-73.60060119628906
52253770,CHSLD DANTE,Montréal,45.5801010131836,-73.57330322265625
52253796,CENTRE D'HÉBERGEMENT ALFRED-DESROCHERS,Montréal,45.490699768066406,-73.62750244140625
52256989,CHSLD MARIE-BERTHE-COUTURE,Granby,45.41239929199219,-72.72260284423828
52256997,CHSLD MARIE-ROLLET,Montréal,45.57329940795898,-73.57579803466797
52259579,CENTRE DE RÉADAPTATION POUR LES JEUNES EN DIFFICULTÉ D'ADAPTATION LA TRAVERSÉE,Gatineau,45.42129898071289,-75.74960327148438
52259629,CENTRE DE RÉADAPTATION POUR LES JEUNES EN DIFFICULTÉ D'ADAPTATION JEAN-EUDES-MORIN,Gatineau,45.42169952392578,-75.74970245361328
52266889,CENTRE D'HÉBERGEMENT ERNEST-ROUTHIER,Montréal,45.52119827270508,-73.56439971923828
52290517,CENTRE D'HÉBERGEMENT MGR-VICTOR-TREMBLAY,Saguenay,48.40850067138672,-71.0728988647461
52290855,CHSLD GERTRUDE-LAFRANCE,Saint-Jean-sur-Richelieu,45.3400993347168,-73.28089904785156
52293941,CLSC ET CHSLD IDOLA-SAINT-JEAN,Laval,45.55770111083984,-73.69419860839844
52321809,CENTRE D'HÉBERGEMENT LA PINIÈRE,Laval,45.61130142211914,-73.64949798583984
52328531,CENTRE DE RÉADAPTATION EN DÉFICIENCE INTELLECTUELLE ET EN TROUBLES DU SPECTRE DE L’AUTISME DE LA SARRE,La Sarre,48.80110168457031,-79.20089721679688
52328713,CLSC DE LA TABATIÈRE,Gros-Mécatina,50.82270050048828,-58.96580123901367
52328721,CLSC DE SAINT-AUGUSTIN,Saint-Augustin,51.2234001159668,-58.64310073852539
52328739,CLSC DE RIVIÈRE-SAINT-PAUL,Bonne-Espérance,51.47510147094727,-57.709999084472656
52331568,CENTRE D'HÉBERGEMENT SAINT-EUSÈBE,Joliette,46.02330017089844,-73.44149780273438
52333051,CENTRE DE RÉADAPTATION EN DÉFICIENCE INTELLECTUELLE ET EN TROUBLES DU SPECTRE DE L'AUTISME DE REPENTIGNY,Repentigny,45.75439834594727,-73.4446029663086
52336013,CENTRE D'HÉBERGEMENT DES CHUTES,Québec,46.85710144042969,-71.18779754638672
52336021,CENTRE D'HÉBERGEMENT YVONNE-SYLVAIN,Québec,46.85430145263672,-71.20970153808594
52360419,CLSC DE DISRAELI,Disraeli,45.89899826049805,-71.3552017211914
52366028,CLSC DE DÉGELIS,Dégelis,47.54819869995117,-68.64240264892578
52366036,CLSC DE GASCONS,Port-Daniel--Gascons,48.19359970092773,-64.8646011352539
52366564,CHSLD FRANÇOIS-SÉGUENOT,Montréal,45.666900634765625,-73.49349975585938
52388048,CLSC DE SAYABEC,Sayabec,48.56449890136719,-67.68720245361328
52389285,CENTRE D'ACTIVITÉS DE JOUR EN DÉFICIENCE INTELLECTUELLE ET EN TROUBLES DU SPECTRE DE L'AUTISME LAPIERRE,Montréal,45.43709945678711,-73.6144027709961
52393758,CLSC PARTHENAIS ET GROUPE DE MÉDECINE DE FAMILLE UNIVERSITAIRE DES FAUBOURGS,Montréal,45.53099822998047,-73.56009674072266
52395555,ATELIER DE TRAVAIL EN DÉFICIENCE INTELLECTUELLE ET EN TROUBLES DU SPECTRE DE L'AUTISME DE L'AÉROPORT,Roberval,48.52899932861328,-72.2522964477539
52411527,CLSC DE BEAUHARNOIS,Beauharnois,45.314701080322266,-73.87770080566406
52437613,CLSC DE MUTTON BAY,Gros-Mécatina,50.774898529052734,-59.02799987792969
52437621,CLSC DE KEGASKA,Côte-Nord-du-Golfe-du-Saint-Laurent,50.18870162963867,-61.277000427246094
52437647,CLSC DE CHEVERY,Côte-Nord-du-Golfe-du-Saint-Laurent,50.46500015258789,-59.635501861572266
52437654,CLSC DE TÊTE-À-LA-BALEINE,Côte-Nord-du-Golfe-du-Saint-Laurent,50.70059967041016,-59.32400131225586
52454998,CENTRE DE PROTECTION ET DE RÉADAPTATION POUR LES JEUNES EN DIFFICULTÉ D'ADAPTATION DE LÉVIS,Lévis,46.81679916381836,-71.15460205078125
52455003,FOYER DE GROUPE POUR LES JEUNES EN DIFFICULTÉ D'ADAPTATION DE SAINT-ROMUALD,Lévis,46.74980163574219,-71.24669647216797
52492840,CHSLD ROBERT-CLICHE,Montréal,45.55759811401367,-73.57879638671875
52502747,CHSLD VAL-JOLI,Saint-Césaire,45.40769958496094,-73.00160217285156
52503752,CHSLD SAINT-JOSEPH,Chambly,45.45059967041016,-73.2916030883789
52504065,CENTRE DE RÉADAPTATION POUR LES JEUNES EN DIFFICULTÉ D'ADAPTATION PRÉVOST,Prévost,45.88010025024414,-74.08609771728516
52527314,CENTRE DE RÉADAPTATION POUR LES JEUNES EN DIFFICULTÉ D'ADAPTATION DORVAL,Dorval,45.44200134277344,-73.74230194091797
52527348,FOYER DE GROUPE WOLSELEY,Montréal-Ouest,45.45640182495117,-73.65760040283203
52527355,FOYER DE GROUPE HAWKINS,Montréal,45.47460174560547,-73.61519622802734
52540408,CENTRE DE RÉADAPTATION EN DÉFICIENCE INTELLECTUELLE ET EN TROUBLES DU SPECTRE DE L'AUTISME DE LA RUE SALABERRY OUEST,Salaberry-de-Valleyfield,45.2505989074707,-74.1343994140625
52540457,CENTRE DE RÉADAPTATION EN DÉFICIENCE INTELLECTUELLE ET EN TROUBLES DU SPECTRE DE L'AUTISME DE CHÂTEAUGUAY,Châteauguay,45.3468017578125,-73.69149780273438
52571767,CENTRE DE RÉADAPTATION EN DÉFICIENCE INTELLECTUELLE ET EN TROUBLES DU SPECTRE DE L’AUTISME DE VAL-D'OR,Val-d'Or,48.10319900512695,-77.78710174560547
52573532,DISPENSAIRE DE QUAQTAQ,Quaqtaq,61.047000885009766,-69.63269805908203
52573557,DISPENSAIRE DE KANGIQSUALUJJUAQ,Kangiqsualujjuaq,58.69490051269531,-65.95429992675781
52573581,DISPENSAIRE DE KANGIRSUK,Kangirsuk,60.01750183105469,-70.01399993896484
52573599,DISPENSAIRE D'AUPALUK,Aupaluk,59.300201416015625,-69.60330200195312
52573607,DISPENSAIRE DE KANGIQSUJUAQ,Kangiqsujuaq,61.5989990234375,-71.95700073242188
52573615,DISPENSAIRE DE TASIUJAQ,Tasiujaq,58.69670104980469,-69.92759704589844
52573706,DISPENSAIRE D'IVUJIVIK,Ivujivik,62.41640090942383,-77.91410064697266
52573714,DISPENSAIRE D'AKULIVIK,Akulivik,60.80860137939453,-78.19609832763672
52573722,DISPENSAIRE DE KUUJJUARAPIK,Kuujjuarapik,55.27840042114258,-77.76360321044922
52573730,DISPENSAIRE D'INUKJUAK,Inukjuak,58.45289993286133,-78.1050033569336
52573748,DISPENSAIRE DE SALLUIT,Salluit,62.20050048828125,-75.643798828125
52576279,CENTRE D'HÉBERGEMENT ET DE RÉADAPTATION EN DÉFICIENCE PHYSIQUE DU ROSEAU,Victoriaville,46.06159973144531,-71.96060180664062
52579851,CHSLD PAUL-GOUIN,Montréal,45.53219985961914,-73.59980010986328
52579869,CHSLD JUDITH-JASMIN,Montréal,45.60639953613281,-73.52970123291016
52585460,FOYER DE GROUPE POUR LES JEUNES EN DIFFICULTÉ D'ADAPTATION DE RIVIÈRE-DES-PRAIRIES,Montréal,45.6416015625,-73.59210205078125
52585510,FOYER DE GROUPE POUR LES JEUNES EN DIFFICULTÉ D'ADAPTATION LANGELIER,Montréal,45.5551986694336,-73.58779907226562
52596053,CENTRE DE PROTECTION ET DE RÉADAPTATION POUR LES JEUNES ET LES MÈRES EN DIFFICULTÉ D'ADAPTATION CHARLES-ÉDOUARD-BOURGEOIS,Trois-Rivières,46.349700927734375,-72.56490325927734
52609203,CENTRE D'HÉBERGEMENT HENRI-BRADET,Montréal,45.47200012207031,-73.64510345458984
52610011,CLSC DE SAINT-CLÉMENT,Saint-Clément,47.92350006103516,-69.09709930419922
52651288,CLSC DE BOUCHERVILLE,Boucherville,45.60279846191406,-73.45249938964844
52665213,ATELIER DE TRAVAIL EN DÉFICIENCE INTELLECTUELLE ET EN TROUBLES DU SPECTRE DE L'AUTISME DE DOLBEAU-MISTASSINI,Dolbeau-Mistassini,48.87799835205078,-72.23919677734375
52667516,CENTRE D'ACTIVITÉS DE JOUR EN DÉFICIENCE INTELLECTUELLE ET EN TROUBLES DU SPECTRE DE L'AUTISME GAUTHIER,Alma,48.54029846191406,-71.64959716796875
52677994,CLSC DE WATERLOO,Waterloo,45.34519958496094,-72.5186996459961
52678091,CLSC WILLIAM C.-VAN HORNE,Montréal,45.52190017700195,-73.61399841308594
52678281,CHSLD PAUL-LIZOTTE,Montréal,45.62749862670898,-73.62049865722656
52678562,CLSC D'EAST BROUGHTON,East Broughton,46.22919845581055,-71.08159637451172
52693389,CLSC DE MAIZERETS,Québec,46.84370040893555,-71.21829986572266
52697893,CENTRE D'HÉBERGEMENT PAUL-BRUCHÉSI,Montréal,45.53450012207031,-73.56620025634766
52724218,CENTRE DE RÉADAPTATION EN DÉFICIENCE PHYSIQUE DE LA RUE BOYER,Saint-Jérôme,45.772499084472656,-74.0062026977539
52754959,CLSC DE CAPLAN,Caplan,48.105098724365234,-65.69349670410156
52754975,CLSC DE COWANSVILLE-SUD,Cowansville,45.20660018920898,-72.74819946289062
52754983,CLSC DE SAINT-OMER,Carleton-sur-Mer,48.11000061035156,-66.2217025756836
52754991,CLSC DE NAPIERVILLE,Napierville,45.19269943237305,-73.41339874267578
52756772,CENTRE D'HÉBERGEMENT ARMAND-LAVERGNE,Montréal,45.53570175170898,-73.5634994506836
52792058,FOYER DE GROUPE POUR LES JEUNES EN DIFFICULTÉ D'ADAPTATION 1RE AVENUE,Montréal,45.55329895019531,-73.59719848632812
52803269,CENTRE DE RÉADAPTATION EN DÉFICIENCE INTELLECTUELLE ET EN TROUBLES DU SPECTRE DE L'AUTISME DE LAFONTAINE,Saint-Jérôme,45.79819869995117,-74.01190185546875
52818408,CLSC DE LAC-DES-AIGLES,Lac-des-Aigles,47.988399505615234,-68.67669677734375
52830007,CENTRE DE RÉADAPTATION EN DÉFICIENCE INTELLECTUELLE ET EN TROUBLES DU SPECTRE DE L'AUTISME ET DE RÉADAPTATION EN DÉFICIENCE PHYSIQUE DE SEPT-ÎLES,Sept-Îles,50.20800018310547,-66.381103515625
52841640,CENTRE DE RÉADAPTION EN DÉFICIENCE PHYSIQUE DE MANIWAKI,Maniwaki,46.3765983581543,-75.97579956054688
52870573,CENTRE DE RÉADAPTATION POUR LES JEUNES EN DIFFICULTÉ D'ADAPTATION DE LA MATANIE,Matane,48.84199905395508,-67.53690338134766
52909132,CLSC D'ADSTOCK,Adstock,46.0453987121582,-71.07939910888672
52935277,CLSC DE SAINT-DONAT,Saint-Donat,46.32160186767578,-74.22229766845703
52942570,CENTRE DE RÉADAPTATION EN DÉFICIENCE PHYSIQUE DE LA SARRE,La Sarre,48.78670120239258,-79.19879913330078
52967361,CLSC DE SAINT-ANTOINE-DE-L'ISLE-AUX-GRUES,Saint-Antoine-de-l'Isle-aux-Grues,47.067501068115234,-70.54080200195312
52983848,CLSC ET GROUPE DE MÉDECINE DE FAMILLE UNIVERSITAIRE SPEID,Sherbrooke,45.36980056762695,-71.8583984375
53000956,CLSC DE SAINT-GÉDÉON-DE-BEAUCE,Saint-Gédéon-de-Beauce,45.85260009765625,-70.64089965820312
53001178,CLSC DE RAPIDES-DES-JOACHIMS,Rapides-des-Joachims,46.197898864746094,-77.6895980834961
53068680,CLSC VICTOR-LACHANCE,Aguanish,50.2218017578125,-62.0797004699707
53068706,CLSC DE BAIE-JOHAN-BEETZ,Baie-Johan-Beetz,50.28879928588867,-62.80400085449219
53068722,CLSC DE NATASHQUAN,Natashquan,50.18600082397461,-61.82059860229492
53068755,CLSC DE PORT-MENIER,L'Île-d'Anticosti,49.81660079956055,-64.35030364990234
53068763,CLSC DE RIVIÈRE-AU-TONNERRE,Rivière-au-Tonnerre,50.275299072265625,-64.77310180664062
53068771,CLSC DE RIVIÈRE-SAINT-JEAN,Rivière-Saint-Jean,50.29610061645508,-64.322998046875
53130845,CLSC DE L'ÎLE D'ENTRÉE,Les Îles-de-la-Madeleine,47.27379989624024,-61.701698303222656
53159505,LA RÉSIDENCE DU BONHEUR,Laval,45.68659973144531,-73.64739990234375
53174454,CLSC ET CHSLD DE LAMBTON,Lambton,45.829498291015625,-71.09609985351562
53324349,CENTRE D'HÉBERGEMENT ET DE SOINS DE LONGUE DURÉE DU MANOIR-DE-L'OUEST-DE-L'ÎLE,Montréal,45.46289825439453,-73.8855972290039
53360525,CLSC ET CENTRE DE RÉADAPTATION EN DÉFICIENCE PHYSIQUE DU CENTRE-VILLE-DE-SAINTE-AGATHE,Sainte-Agathe-des-Monts,46.04600143432617,-74.28040313720703
53417077,CENTRE D'ACTIVITÉS DE JOUR EN DÉFICIENCE INTELLECTUELLE ET EN TROUBLES DU SPECTRE DE L'AUTISME LÉGER,Montréal,45.44430160522461,-73.62480163574219
53515524,CLSC DE PREISSAC,Preissac,48.40719985961914,-78.3655014038086
53515532,CLSC DE BARRAUTE,Barraute,48.44070053100586,-77.6343002319336
53515540,CLSC DE ROCHEBAUCOURT,La Morandière-Rochebaucourt,48.676700592041016,-77.50039672851562
53535399,CLSC DE NOTRE-DAME-DES-SEPT-DOULEURS,Notre-Dame-des-Sept-Douleurs,48.01119995117188,-69.45330047607422
53548715,CLSC CORINNE-VALLÉE-THERRIEN,Baie-Trinité,49.419700622558594,-67.30290222167969
53578134,CLSC DE SAINT-MICHEL-DES-SAINTS,Saint-Michel-des-Saints,46.67639923095703,-73.91889953613281
53584785,APPARTEMENT SUPERVISÉ POUR LES JEUNES EN DIFFICULTÉ D’ADAPTATION ASPIRE,Montréal,45.46989822387695,-73.61479949951172
53624698,CLSC DE BEAUPORT,Québec,46.85369873046875,-71.20099639892578
53626370,CENTRE D'HÉBERGEMENT PAUL-TRIQUET,Québec,46.789398193359375,-71.27249908447266
53659264,CLSC DE L'ISLE-AUX-COUDRES,L'Isle-aux-Coudres,47.420501708984375,-70.38240051269531
53679023,CLSC ET CENTRE D'HÉBERGEMENT DE NORMANDIN,Normandin,48.83879852294922,-72.53099822998047
53701793,CLSC DU FJORD-À-L'ANSE-SAINT-JEAN,L'Anse-Saint-Jean,48.19919967651367,-70.24019622802734
53702106,CLSC DE NORMÉTAL,Normétal,48.9989013671875,-79.36589813232422
53823811,IAKHIHSOHTHA LODGE,Akwesasne,45.00870132446289,-74.60250091552734
53876330,CLSC DE VILLE-ÉMARD-CÔTE-SAINT-PAUL,Montréal,45.457298278808594,-73.58910369873047
53876397,CENTRE DE RÉADAPTATION EN DÉFICIENCE PHYSIQUE DE MONT-LAURIER,Mont-Laurier,46.55410003662109,-75.4926986694336
53891818,CHSLD D'ORMSTOWN / ORMSTOWN CHSLD,Ormstown,45.12939834594727,-74.00289916992188
53939641,CENTRE DE PROTECTION ET DE RÉADAPTATION POUR LES JEUNES EN DIFFICULTÉ D'ADAPTATION JACQUES-CARTIER,Salaberry-de-Valleyfield,45.24380111694336,-74.11959838867188
53956983,SANTÉ COURVILLE DE LAVAL,Laval,45.54330062866211,-73.8550033569336
54000419,CENTRE D'ACTIVITÉS DE JOUR EN DÉFICIENCE INTELLECTUELLE ET EN TROUBLES DU SPECTRE DE L'AUTISME DE LA MALBAIE,La Malbaie,47.65420150756836,-70.14939880371094
54001136,CENTRE D'ACTIVITÉS DE JOUR EN DÉFICIENCE INTELLECTUELLE ET EN TROUBLES DU SPECTRE DE L'AUTISME DE MONT-LAURIER,Mont-Laurier,46.55509948730469,-75.49539947509766
54045042,CLSC DE BAIE-SAINTE-CATHERINE,Baie-Sainte-Catherine,48.10340118408203,-69.7260971069336
54102777,CLSC DE CHARLESBOURG,Québec,46.85910034179688,-71.26509857177734
54102900,FOYER DE GROUPE POUR LES JEUNES EN DIFFICULTÉ D'ADAPTATION LOUIS-HÉMON,Montréal,45.55030059814453,-73.60070037841797
54103080,LES CENTRES DE LA JEUNESSE ET DE LA FAMILLE BATSHAW,Westmount,45.48680114746094,-73.5823974609375
54103262,FOYER DE GROUPE POUR LES JEUNES EN DIFFICULTÉ D'ADAPTATION L'ESCARGOT,Longueuil,45.48630142211914,-73.39969635009766
54103320,CLSC DE LAVALTRIE,Lavaltrie,45.885101318359375,-73.27629852294922
54103353,CLSC DE NOTRE-DAME-DU-LAUS,Notre-Dame-du-Laus,46.09030151367188,-75.62159729003906
54129648,CENTRE D'HÉBERGEMENT ALPHONSE-RONDEAU,Lanoraie,45.96379852294922,-73.2239990234375
54146329,CHSLD DE CAP-SAINT-IGNACE,Cap-Saint-Ignace,47.04019927978516,-70.45469665527344
54146360,CENTRE D'HÉBERGEMENT DU FAUBOURG,Québec,46.80730056762695,-71.22429656982422
54146378,CENTRE D'HÉBERGEMENT SAINT-ANTOINE,Québec,46.80989837646485,-71.27839660644531
54146469,CENTRE D'HÉBERGEMENT SAINT-AUGUSTIN,Québec,46.87770080566406,-71.16329956054688
54166665,CLSC DE SAINT-AMBROISE,Saint-Ambroise,48.55400085449219,-71.32150268554688
54179742,CLSC DE SCHEFFERVILLE,Schefferville,54.79899978637695,-66.81529998779297
54179841,CLSC NASKAPI,Kawawachikamach,54.86119842529297,-66.76429748535156
54198171,CENTRE D'ACCUEIL MARCELLE-FERRON,Brossard,45.44609832763672,-73.49440002441406
54201306,CLSC ET GROUPE DE MÉDECINE DE FAMILLE UNIVERSITAIRE BORDEAUX-CARTIERVILLE,Montréal,45.54079818725586,-73.68930053710938
54205273,FOYER DE GROUPE (CENTRE DE SANTÉ TULATTAVIK DE L'UNGAVA),Kuujjuaq,58.10699844360352,-68.4052963256836
54205315,MAISON DE TRANSIT (CENTRE DE SANTÉ TULATTAVIK DE L'UNGAVA),Kuujjuaq,58.10699844360352,-68.4052963256836
54205521,DISPENSAIRE D'UMIUJAQ,Umiujaq,56.5531005859375,-76.54789733886719
54227095,CENTRE DE RÉADAPTATION EN DÉFICIENCE INTELLECTUELLE ET EN TROUBLES DU SPECTRE DE L’AUTISME DE BRIGHAM,Brigham,45.24720001220703,-72.84529876708984
54227129,CENTRE DE RÉADAPTATION EN DÉFICIENCE INTELLECTUELLE ET EN TROUBLES DU SPECTRE DE L'AUTISME DE COWANSVILLE,Cowansville,45.20280075073242,-72.7594985961914
54255880,CHSLD NICOLET,Montréal,45.54750061035156,-73.54859924316406
54263959,CENTRE D'HÉBERGEMENT GEORGES-HÉBERT,Saguenay,48.43149948120117,-71.18260192871094
54263975,CENTRE D'HÉBERGEMENT DES PENSÉES,Saguenay,48.422000885009766,-71.20939636230469
54285762,CLSC DE PARENT,La Tuque,47.92160034179688,-74.61309814453125
54300736,CENTRE DE RÉADAPTATION EN DÉFICIENCE PHYSIQUE DE VICTORIAVILLE,Victoriaville,46.06290054321289,-71.96369934082031
54308911,CENTRE DE RÉADAPTATION EN DÉFICIENCE INTELLECTUELLE ET EN TROUBLES DU SPECTRE DE L'AUTISME SAINT-LOUIS,Joliette,46.02149963378906,-73.44770050048828
54308937,CENTRE DE RÉADAPTATION EN DÉFICIENCE INTELLECTUELLE ET EN TROUBLES DU SPECTRE DE L'AUTISME DE MASCOUCHE,Mascouche,45.75320053100586,-73.59850311279297
54321989,CLSC DE BEAUDRY,Rouyn-Noranda,48.109500885009766,-79.15170288085938
54326996,CENTRE DE PROTECTION DE L'ENFANCE ET DE LA JEUNESSE DE LA POCATIÈRE,La Pocatière,47.37030029296875,-70.03559875488281
54327010,CPEJ DE CABANO,Témiscouata-sur-le-Lac,47.67959976196289,-68.88700103759766
54327036,CPEJ DE RIVIÈRE-DU-LOUP,Rivière-du-Loup,47.81859970092773,-69.5386962890625
54329560,CENTRE TSHISHEMISHK,Mashteuiatsh,48.5801010131836,-72.2332992553711
54547351,CENTRE DE RÉADAPTATION EN DÉPENDANCE DE GRANBY,Granby,45.399600982666016,-72.72200012207031
54549050,ATELIER DU PONT,Amqui,48.472198486328125,-67.42340087890625
54549068,ATELIER RUE DES ATELIERS,Rimouski,48.46680068969727,-68.50589752197266
54583091,CENTRE D'HÉBERGEMENT ET DE SOINS DE LONGUE DURÉE VIGI DE SAINT-AUGUSTIN,Saint-Augustin-de-Desmaures,46.73939895629883,-71.39099884033203
54583208,CENTRE D'HÉBERGEMENT ET DE SOINS DE LONGUE DURÉE VIGI DE DOLLARD-DES-ORMEAUX,Dollard-des-Ormeaux,45.480201721191406,-73.81610107421875
54583232,CENTRE D'HÉBERGEMENT ET DE SOINS DE LONGUE DURÉE VIGI DE PIERREFONDS,Montréal,45.48550033569336,-73.85870361328125
54583315,CENTRE D'HÉBERGEMENT LOUIS-DENONCOURT,Trois-Rivières,46.3400993347168,-72.5459976196289
54583331,CENTRE DE RÉADAPTATION EN DÉFICIENCE INTELLECTUELLE ET EN TROUBLES DU SPECTRE DE L'AUTISME DU BOULEVARD INDUSTRIEL,Saint-Jean-sur-Richelieu,45.31959915161133,-73.285400390625
54583356,CENTRE D'HÉBERGEMENT DE L'HÔTEL-DIEU-DE-SAINT-HYACINTHE,Saint-Hyacinthe,45.62570190429688,-72.94999694824219
54583364,CENTRE D'HÉBERGEMENT DES SEIGNEURS,Montréal,45.48949813842773,-73.57099914550781
54583372,CHSLD AUCLAIR,Montréal,45.539398193359375,-73.60859680175781
54583380,CHSLD DE LA SARRE,La Sarre,48.81039810180664,-79.20369720458984
54583398,CHSLD ET CLSC DE PALMAROLLE,Palmarolle,48.66569900512695,-79.20059967041016
54583414,CHSLD LAURENT-BERGEVIN,L'Île-Perrot,45.3927001953125,-73.9529037475586
54583422,CHSLD CÉCILE-GODIN,Beauharnois,45.30059814453125,-73.87660217285156
54583430,CENTRE D'HÉBERGEMENT J.-ARSÈNE-PARENTEAU,Sorel-Tracy,46.0463981628418,-73.11009979248047
54583448,CLSC GASTON-BÉLANGER,Sorel-Tracy,46.04520034790039,-73.09380340576172
54583455,CENTRE D'HÉBERGEMENT DE TRACY,Sorel-Tracy,46.0276985168457,-73.1436996459961
54583562,CENTRE D'ACTIVITÉS DE JOUR EN DÉFICIENCE INTELLECTUELLE ET EN TROUBLES DU SPECTRE DE L'AUTISME NOTRE-DAME,Drummondville,45.8760986328125,-72.49169921875
54583588,CENTRE D'ACTIVITÉS DE JOUR EN DÉFICIENCE INTELLECTUELLE ET EN TROUBLES DU SPECTRE DE L'AUTISME DES BOIS-FRANCS-NORD,Victoriaville,46.06669998168945,-71.96820068359375
54583653,CENTRE DE RÉADAPTATION EN DÉFICIENCE INTELLECTUELLE ET EN TROUBLES DU SPECTRE DE L'AUTISME DE LAVAL,Laval,45.55419921875,-73.69930267333984
54583679,CENTRE DE RÉADAPTATION EN DÉFICIENCE INTELLECTUELLE ET EN TROUBLES DU SPECTRE DE L'AUTISME NOTRE-DAME,Montréal,45.44889831542969,-73.6323013305664
54583687,CENTRE DE RÉADAPTATION POUR LES JEUNES EN DIFFICULTÉ D'ADAPTATION D'HUBERDEAU,Huberdeau,45.97499847412109,-74.63819885253906
54583695,CENTRE DE PROTECTION DE L'ENFANCE ET DE LA JEUNESSE MAISONNEUVE EST,Montréal,45.51810073852539,-73.5593032836914
54583703,CENTRE DE RÉADAPTATION POUR LES JEUNES EN DIFFICULTÉ D'ADAPTATION DE LA CITÉ-DES-PRAIRIES,Montréal,45.662200927734375,-73.54000091552734
54583737,CENTRE DE RÉADAPTATION POUR LES JEUNES EN DIFFICULTÉ D'ADAPTATION ROSE-VIRGINIE-PELLETIER,Montréal,45.507301330566406,-73.77359771728516
54583745,CENTRE DE RÉADAPTATION EN DÉFICIENCE INTELLECTUELLE ET EN TROUBLES DU SPECTRE DE L'AUTISME DE LACHUTE,Lachute,45.64459991455078,-74.32949829101562
54583794,CLSC DE SAINT-LUDGER,Saint-Ludger,45.7411003112793,-70.69139862060547
54601018,CENTRE D'HÉBERGEMENT ET DE SOINS DE LONGUE DURÉE VIGI NOTRE-DAME-DE-LOURDES,Saint-Michel-de-Bellechasse,46.874698638916016,-70.9092025756836
54647474,CLSC DE L'EST,Grosse-Île,47.5713005065918,-61.47890090942383
54657820,CLSC D'AMOS,Amos,48.57379913330078,-78.1178970336914
54661442,CENTRE D'HÉBERGEMENT ET DE SOINS DE LONGUE DURÉE VIGI DE MONTÉRÉGIE,Longueuil,45.49860000610352,-73.48139953613281
54674023,CHSLD JEANNE-LE BER,Montréal,45.589500427246094,-73.52770233154297
54689336,UNITÉ DE VIE POUR JEUNES EN DIFFICULTÉ D'ADAPTATION PISHIMUSS,Uashat,50.2218017578125,-66.40450286865234
54711718,CENTRE DE RÉADAPTATION EN DÉFICIENCE INTELLECTUELLE ET EN TROUBLES DU SPECTRE DE L'AUTISME PIE-IX,Montréal,45.57210159301758,-73.60659790039062
54780366,CENTRE HOSPITALIER KATERI MEMORIAL TEHSAKOTITSEN : THA,Kahnawake,45.41550064086914,-73.68289947509766
54781216,CENTRE HOSPITALIER PIERRE-JANET,Gatineau,45.46289825439453,-75.74919891357422
54781224,CENTRE DE SERVICES AMBULATOIRES PIERRE-JANET,Gatineau,45.4734992980957,-75.69190216064453
54830559,CENTRE D'ACTIVITÉS DE JOUR EN DÉFICIENCE INTELLECTUELLE ET EN TROUBLES DU SPECTRE DE L'AUTISME ONTARIO,Montréal,45.55459976196289,-73.53810119628906
54846399,CENTRE DE RÉADAPTATION EN DÉFICIENCE INTELLECTUELLE ET EN TROUBLES DU SPECTRE DE L'AUTISME DE BUCKINGHAM,Gatineau,45.58359909057617,-75.41410064697266
54846431,CENTRE DE RÉADAPTATION EN DÉFICIENCE INTELLECTUELLE ET EN TROUBLES DU SPECTRE DE L'AUTISME DE MANIWAKI,Maniwaki,46.3755989074707,-75.9749984741211
54873476,CHSLD DE SAINT-FLAVIEN,Saint-Flavien,46.512298583984375,-71.5968017578125
54873492,CHSLD DE SAINTE-CROIX,Sainte-Croix,46.622100830078125,-71.73680114746094
54878111,CLSC DE LASALLE,Montréal,45.43119812011719,-73.63150024414062
54878145,CLSC DE SAINT-LAURENT,Montréal,45.5172004699707,-73.68090057373047
54878178,ATELIER DE TRAVAIL EN DÉFICIENCE INTELLECTUELLE ET EN TROUBLES DU SPECTRE DE L'AUTISME EDISON,Montréal,45.61309814453125,-73.56999969482422
54878186,CENTRE DE RÉADAPTATION EN DÉFICIENCE INTELLECTUELLE ET EN TROUBLES DU SPECTRE DE L'AUTISME CHAMP-D'EAU,Montréal,45.60689926147461,-73.59739685058594
54888243,CENTRE DE RÉADAPTATION EN DÉFICIENCE INTELLECTUELLE ET EN TROUBLES DU SPECTRE DE L'AUTISME LOUISE-VACHON,Laval,45.547000885009766,-73.76599884033203
54913454,CENTRE D'HÉBERGEMENT MARIE-ANNE-OUELLET,Lac-au-Saumon,48.417999267578125,-67.34660339355469
54982822,CENTRE D'HÉBERGEMENT CHAMPLAIN - MARIE-VICTORIN,Montréal,45.6161003112793,-73.60369873046875
54982830,CENTRE D'HÉBERGEMENT CHAMPLAIN-DE-CHÂTEAUGUAY,Châteauguay,45.35499954223633,-73.73690032958984
54988639,RÉSIDENCE MARCEL SIOUI,Wendake,46.8650016784668,-71.35769653320312
54990643,CENTRE DE RÉADAPTATION POUR LES JEUNES EN DIFFICULTÉ D'ADAPTATION DE GASPÉ,Gaspé,48.825801849365234,-64.52200317382812
55022412,FOYER DE GROUPE POUR LES JEUNES EN DIFFICULTÉ D'ADAPTATION DE VERDUN,Montréal,45.446998596191406,-73.5823974609375
55023097,CENTRE DE RÉADAPTATION EN DÉFICIENCE PHYSIQUE DE ROUYN-NORANDA,Rouyn-Noranda,48.24430084228516,-79.02030181884766
55062616,POINT DE SERVICE DU TÉMISCOUATA,Témiscouata-sur-le-Lac,47.67959976196289,-68.88700103759766
55095202,CHÂTEAU WESTMOUNT,Westmount,45.47719955444336,-73.6001968383789
55137871,CENTRE DE RÉADAPTATION POUR LES JEUNES EN DIFFICULTÉ D'ADAPTATION DE BONAVENTURE,Bonaventure,48.05690002441406,-65.51219940185547
55137913,CENTRE DE RÉADAPTATION POUR LES JEUNES EN DIFFICULTÉ D'ADAPTATION DE LISTUGUJ,Listuguj,48.01380157470703,-66.70339965820312
55170088,CENTRE DE PROTECTION ET DE RÉADAPTATION POUR LES JEUNES EN DIFFICULTÉ D'ADAPTATION DE SHERBROOKE,Sherbrooke,45.40660095214844,-71.89510345458984
55174510,CLSC DE MANSONVILLE,Potton,45.05239868164063,-72.39189910888672
55174569,CLSC MEILLEUR D'IBERVILLE,Repentigny,45.77730178833008,-73.4175033569336
55183370,CENTRE DE RÉADAPTATION EN DÉFICIENCE PHYSIQUE DE L'ESTRIE,Sherbrooke,45.40620040893555,-71.881103515625
55272686,CENTRE DE RÉDAPTATION POUR LES JEUNES EN DIFFICULTÉ D'ADAPTATION TACHÉ,Gatineau,45.42210006713867,-75.74960327148438
55438535,CENTRE DE RÉADAPTATION EN DÉFICIENCE INTELLECTUELLE ET EN TROUBLES DU SPECTRE DE L'AUTISME DE BROSSARD,Brossard,45.42850112915039,-73.4666976928711
55464895,CENTRE D'ACTIVITÉS DE JOUR EN DÉFICIENCE INTELLECTUELLE ET EN TROUBLES DU SPECTRE DE L'AUTISME DE SAINT-PLACIDE,Baie-Saint-Paul,47.41049957275391,-70.62200164794922
55474977,CENTRE DE PROTECTION ET DE RÉADAPTATION POUR LES JEUNES EN DIFFICULTÉ D'ADAPTATION DE MONTMAGNY,Montmagny,46.97859954833984,-70.55780029296875
55475016,CENTRE DE PROTECTION ET DE RÉADAPTATION POUR LES JEUNES EN DIFFICULTÉ D'ADAPTATION DE SAINT-JOSEPH-DE-BEAUCE,Saint-Joseph-de-Beauce,46.307899475097656,-70.87850189208984
55477988,CENTRE D'HÉBERGEMENT ET DE SOINS DE LONGUE DURÉE VIGI DE MONT-ROYAL,Mont-Royal,45.525001525878906,-73.6510009765625
55510432,CHSLD MANOIR HARWOOD,Vaudreuil-Dorion,45.40340042114258,-74.04129791259766
55553184,ATELIER ÉCONO-POSTE,Rimouski,48.47719955444336,-68.51010131835938
55561641,CENTRE DE RÉADAPTATION POUR LES JEUNES EN DIFFICULTÉ D'ADAPTATION RICHELIEU,Baie-Comeau,49.18960189819336,-68.25450134277344
55566897,CENTRE DE RÉADAPTATION EN DÉFICIENCE INTELLECTUELLE ET EN TROUBLES DU SPECTRE DE L'AUTISME DE L'AVENUE TRUDEAU,Saint-Hyacinthe,45.63619995117188,-72.97669982910156
55566970,CENTRE DE RÉADAPTATION EN DÉFICIENCE INTELLECTUELLE ET EN TROUBLES DU SPECTRE DE L’AUTISME DE LA RUE CHOQUETTE,Beloeil,45.55210113525391,-73.21620178222656
55567168,CENTRE DE RÉADAPTATION EN DÉFICIENCE INTELLECTUELLE ET EN TROUBLES DU SPECTRE DE L'AUTISME DE LA RUE SAINT-CHARLES,Beloeil,45.549198150634766,-73.21800231933594
55567176,CENTRE DE RÉADAPTATION EN DÉFICIENCE INTELLECTUELLE ET EN TROUBLES DU SPECTRE DE L'AUTISME DE SOREL-TRACY,Sorel-Tracy,46.04410171508789,-73.10649871826172
55579288,CENTRE DE RÉADAPTATION EN DÉFICIENCE INTELLECTUELLE ET EN TROUBLES DU SPECTRE DE L'AUTISME LAPIERRE,Québec,46.86309814453125,-71.33200073242188
55579544,CENTRE DE RÉADAPTATION POUR LES JEUNES EN DIFFICULTÉ D'ADAPTATION DES BASQUES,Trois-Pistoles,48.124000549316406,-69.17649841308594
55590012,POINT DE SERVICE MRC KAMOURASKA OUEST,La Pocatière,47.36529922485352,-70.03269958496094
55597439,CLSC DE LONGUE-POINTE-DE-MINGAN,Longue-Pointe-de-Mingan,50.27050018310547,-64.14129638671875
55597595,CENTRE DE RÉADAPTATION EN DÉFICIENCE INTELLECTUELLE ET EN TROUBLES DU SPECTRE DE L'AUTISME DE L'ANSE-SAINT-JEAN,L'Anse-Saint-Jean,48.19829940795898,-70.24259948730469
55603351,CENTRE D'HÉBERGEMENT CAMILLE-LEFEBVRE,Montréal,45.441200256347656,-73.67659759521484
55609697,CLSC MARIE-LEBLANC-CÔTÉ,Chute-aux-Outardes,49.12379837036133,-68.39029693603516
55612196,CENTRE DE PROTECTION DE L'ENFANCE ET DE LA JEUNESSE SAINT-DENIS,Montréal,45.541900634765625,-73.62789916992188
55612212,FOYER DE GROUPE POUR LES JEUNES EN DIFFICULTÉ D'ADAPTATION SAGAMO,Montréal,45.57849884033203,-73.57630157470703
55612220,FOYER DE GROUPE POUR LES JEUNES EN DIFFICULTÉ D'ADAPTATION J.-O. ROUSSIN,Montréal,45.43999862670898,-73.66690063476562
55612279,CENTRE DE RÉADAPTATION EN DÉFICIENCE INTELLECTUELLE ET EN TROUBLES DU SPECTRE DE L'AUTISME DE LAURIER-STATION,Laurier-Station,46.542701721191406,-71.62590026855469
55616528,CENTRE D'HÉBERGEMENT DE LABELLE,Labelle,46.27730178833008,-74.73570251464844
55616536,CENTRE D'HÉBERGEMENT DE SAINT-RAYMOND,Saint-Raymond,46.88999938964844,-71.83270263671875
55616544,CENTRE D'HÉBERGEMENT DE DONNACONA,Donnacona,46.67539978027344,-71.72959899902344
55616569,CENTRE D'HÉBERGEMENT DE SAINT-CASIMIR,Saint-Casimir,46.66419982910156,-72.14949798583984
55616577,CENTRE D'HÉBERGEMENT ARMAND-MARCHAND,Saint-Liguori,46.00680160522461,-73.56919860839844
55616585,CENTRE D'HÉBERGEMENT SAINT-ANTOINE-DE-PADOUE,Saint-Lin--Laurentides,45.85430145263672,-73.75509643554688
55616593,CENTRE D'HÉBERGEMENT DE SAINT-JACQUES,Saint-Jacques,45.95050048828125,-73.5698013305664
55616791,CENTRE MULTISERVICES DE SANTÉ ET DE SERVICES SOCIAUX DE LA RIVIÈRE-DU-NORD,Saint-Jérôme,45.77740097045898,-74.00810241699219
55616940,CENTRE DE SERVICES AMBULATOIRES ET MAISON DE NAISSANCE LOUVAIN,Montréal,45.54850006103516,-73.65409851074219
55616957,CHSLD LÉGARÉ,Montréal,45.55870056152344,-73.63529968261719
55616981,CENTRE D'HÉBERGEMENT MARGUERITE-ADAM,Beloeil,45.5718994140625,-73.2074966430664
55616999,CENTRE D'HÉBERGEMENT DE MONTARVILLE,Saint-Bruno-de-Montarville,45.52149963378906,-73.34459686279297
55617013,CLSC NOTRE-DAME,Granby,45.40060043334961,-72.73400115966797
55617039,CENTRE D'HÉBERGEMENT DE MONSEIGNEUR-CODERRE,Longueuil,45.53549957275391,-73.45210266113281
55617047,CENTRE D'HÉBERGEMENT RENÉ-LÉVESQUE,Longueuil,45.567501068115234,-73.47949981689453
55617054,CHSLD PIERRE-JOSEPH-TRIEST,Montréal,45.60049819946289,-73.53579711914062
55617252,CLSC DE SAINT-ÉPIPHANE,Saint-Épiphane,47.89879989624024,-69.33000183105469
55617344,CENTRE DE SERVICES AMBULATOIRES EN SANTÉ MENTALE DE TROIS-RIVIÈRES,Trois-Rivières,46.34450149536133,-72.55760192871094
55617419,CHSLD DE SAINT-ISIDORE,Saint-Isidore,46.58349990844727,-71.08879852294922
55617443,CHSLD DE SAINTE-HÉNÉDINE,Sainte-Hénédine,46.55670166015625,-70.98320007324219
55617567,CLSC DE GRENVILLE,Grenville,45.62730026245117,-74.58920288085938
55617583,OUJE-BOUGOUMOU HEALING CENTRE,Oujé-Bougoumou,49.92499923706055,-74.8228988647461
55617641,CENTRE MULTISERVICES DE SANTÉ ET DE SERVICES SOCIAUX DE WINDSOR,Windsor,45.57080078125,-72.00499725341797
55617658,CLSC ET CHSLD DE VALCOURT,Valcourt,45.4921989440918,-72.31880187988281
55617666,CHSLD DE RICHMOND,Richmond,45.66809844970703,-72.14800262451172
55617708,CENTRE D'HÉBERGEMENT DE CLERMONT,Clermont,47.69359970092773,-70.22640228271484
55618136,CLSC DES CASCADES,Saint-Hyacinthe,45.6254997253418,-72.94390106201172
55618193,CENTRE D'HÉBERGEMENT MGR PAQUIN,Saint-Tite,46.72779846191406,-72.56069946289062
55618201,CENTRE D'HÉBERGEMENT ET CLSC DE SAINTE-THÈCLE,Sainte-Thècle,46.81990051269531,-72.50479888916016
55618235,CENTRE D'HÉBERGEMENT DE SAINT-NARCISSE,Saint-Narcisse,46.56539916992188,-72.4708023071289
55618243,CENTRE D'HÉBERGEMENT DE SAINTE-ANNE-DE-LA-PÉRADE,Sainte-Anne-de-la-Pérade,46.57350158691406,-72.20379638671875
55618268,CENTRE D'HÉBERGEMENT DE SAINT-BENOÎT,Mirabel,45.56520080566406,-74.0969009399414
55618284,CENTRE D'HÉBERGEMENT DE SAINT-EUSTACHE,Saint-Eustache,45.554500579833984,-73.88939666748047
55618292,CENTRE D'HÉBERGEMENT LA PIETÀ,Gatineau,45.43920135498047,-75.70880126953125
55618300,CENTRE DE PROTECTION ET DE RÉADAPTATION POUR LES JEUNES EN DIFFICULTÉ D'ADAPTATION BEAUREGARD,Longueuil,45.510501861572266,-73.48729705810547
55618482,CENTRE DE RÉADAPTATION EN DÉFICIENCE PHYSIQUE ET EN DÉFICIENCE INTELLECTUELLE ET EN TROUBLES DU SPECTRE DE L’AUTISME DU ROCHER-PERCÉ,Chandler,48.3484992980957,-64.69190216064453
55618516,CENTRE DE RÉADAPTATION EN DÉFICIENCE PHYSIQUE ET EN DÉFICIENCE INTELLECTUELLE ET EN TROUBLES DU SPECTRE DE L’AUTISME HALDIMAND,Gaspé,48.7781982421875,-64.44190216064453
55618813,CENTRE DE RÉADAPTATION EN DÉFICIENCE PHYSIQUE ET AIRE OUVERTE SAINT-RAYMOND,Gatineau,45.44729995727539,-75.74199676513672
